nl_type,nl_strength,nl_Y,rho_Z,TT,twfe_s_bias,twfe_s_mcse,twfe_s_sd,twfe_s_rmse,twfe_l_bias,twfe_l_mcse,twfe_l_sd,twfe_l_rmse,adl_Ylag_bias,adl_Ylag_mcse,adl_Ylag_sd,adl_Ylag_rmse,adl_full_bias,adl_full_mcse,adl_full_sd,adl_full_rmse,adl_Dlag_bias,adl_Dlag_mcse,adl_Dlag_sd,adl_Dlag_rmse,adl_DYlag_bias,adl_DYlag_mcse,adl_DYlag_sd,adl_DYlag_rmse,adl_DZlag_bias,adl_DZlag_mcse,adl_DZlag_sd,adl_DZlag_rmse,adl_all_bias,adl_all_mcse,adl_all_sd,adl_all_rmse,adl_all_nofe_bias,adl_all_nofe_mcse,adl_all_nofe_sd,adl_all_nofe_rmse,n_sims,n_discarded
Dlog,0.2,FALSE,0.5,30,0.44983273394259,0.00155731148040481,0.0348225433232598,0.451175877935332,0.24123248887726,0.00128383832320627,0.0287074976280857,0.24293123691519,0.0448368005973125,0.000798851688441435,0.0178628667929553,0.0482574609137894,0.00970875929179105,0.000806363054423713,0.0180308260423578,0.0204626604668154,0.0496251027183901,0.00112736204662315,0.0252085817150264,0.0556493707665213,0.0340331524938251,0.000862257376583155,0.0192806610814057,0.0391057012802547,-0.0257760526208954,0.00107287442480881,0.0239902014519348,0.0351963576934912,-0.00187271922050469,0.000870023768596908,0.0194543228862323,0.0195248768211916,-0.0867173858029127,0.000967626394411574,0.021636783947273,0.0893706837795986,500,0
Dlog,0.2,FALSE,0.7,30,0.534305937297722,0.00184722231374752,0.041305146630939,0.535896946753314,0.223270595303902,0.00131923802261085,0.0294990589706026,0.225207044335983,0.0458432350524844,0.000808453543769779,0.0180775708051983,0.0492721743904392,0.00801652231296179,0.000820477138343773,0.0183464265532118,0.0200045698412153,0.091744633885918,0.00121659087553309,0.0272037989849797,0.0956851317223208,0.0420116511965685,0.000876096594563343,0.0195901154029971,0.0463463473482202,-0.0278618205728641,0.00110130079189444,0.0246258343435032,0.0371685337256382,-0.00380381925031326,0.000884534589850473,0.0197787947135555,0.0201218130338542,-0.089737084122078,0.000944336473049778,0.021116005473717,0.092183177329297,500,0
Dlog,0.5,FALSE,0.5,10,0.215103280820264,0.00251636915464027,0.0562677248625932,0.222326665443287,0.0927025729123338,0.00210781378832611,0.0471321491460853,0.103974822090394,0.0447756109966087,0.0016089532139328,0.0359772875897049,0.0574163028415043,0.0114555043342461,0.00159046000431728,0.0355637668514804,0.0373293521132239,-0.0308220259216558,0.00193194045332314,0.0431995018211231,0.0530326488645745,0.00975124064225596,0.00163949565818572,0.0366602374051903,0.0378994954406373,-0.0711817601106339,0.00180275930660282,0.040310923566343,0.0817836388900729,-0.0191897972153648,0.00160953424641813,0.0359902798710484,0.0407548520040598,-0.0880581005598973,0.00156196915370709,0.0349266920644686,0.0947188637238965,500,0
Dlog,0.5,FALSE,0.5,30,0.482561138974602,0.00159317573929753,0.0356244925317277,0.483871696948346,0.221409018076665,0.0011951522147648,0.0267244159567352,0.223012823185316,0.0483203041569162,0.000780884433364657,0.0174611067557478,0.0513724854611324,0.00928831733638202,0.000783307959720094,0.017515298452508,0.0198102233067172,0.0549516696932784,0.00112871287191603,0.0252387870868326,0.0604599733951844,0.0345407680130878,0.00085277268496978,0.0190685769294744,0.0394455074729303,-0.0271721011688761,0.00105984519522651,0.0236988590215301,0.0360393636044834,-0.00223767053633883,0.00085391147247994,0.0190940409923209,0.0192057388830213,-0.0884035908338757,0.000922701128873108,0.0206322244707606,0.0907746230042403,500,0
Dlog,0.5,FALSE,0.7,10,0.216918554934056,0.00260160289461546,0.058173609228204,0.224568608553585,0.0869676219653208,0.00220391332351578,0.0492810000789876,0.0999356142981597,0.0377255264304881,0.00160585151744952,0.0359079315478832,0.0520578152961573,0.00923939911584548,0.00161160585154015,0.036036602369802,0.0371672696462949,-0.0269622500171517,0.00198154434089661,0.0443086784667484,0.0518294838434858,0.00765350468235004,0.00162643945788844,0.0363682918912646,0.0371292806784726,-0.0677106116516503,0.00185702085679706,0.0415242487143314,0.0794074406782366,-0.0211348747795138,0.00162343673815777,0.036301149036913,0.0419740492030862,-0.0885518320595993,0.00158243730983147,0.0353843739491505,0.0953466138520149,500,0
Dlog,0.5,FALSE,0.7,30,0.590211810369898,0.00196938883977581,0.0440368731986815,0.591849092935713,0.203110141214838,0.00126062482458327,0.0281884280189193,0.205052987697183,0.0502916321602205,0.000847021782788829,0.0189399828473888,0.0537331719675824,0.00939137364699216,0.000853893942758342,0.0190936490158297,0.0212611428867696,0.109501460483324,0.00133797702720291,0.0299180758515879,0.113507140427891,0.0450570620353736,0.000926493465937948,0.0207170237054664,0.0495830164504938,-0.0243982143175152,0.00111456966880733,0.0249225354511262,0.0348591934738803,-0.00170035793934864,0.000918288691491944,0.0205335593714532,0.020583367641423,-0.0877221473846836,0.00100934464338642,0.0225696323533732,0.09057342143111,500,0
Dlog,1,FALSE,0.5,10,0.242918902570628,0.0027286290306423,0.0610139999789554,0.250449308250518,0.0778034339799734,0.00219193739437461,0.0490132101624538,0.0919285838026676,0.0505863670164262,0.00163648788019977,0.0365929814448121,0.0624127288808853,0.0111157365241545,0.00161368508465603,0.0360830954356839,0.0377219484536875,-0.0279697220137932,0.0021079161412088,0.0471344378261192,0.0547678488554626,0.0110666490321785,0.00174777991176727,0.0390815469242019,0.0405805778195683,-0.0696013682306264,0.00196568067484547,0.0439539561101214,0.0822948164636769,-0.0178656429302687,0.00169808593602929,0.0379703558459786,0.0419290546582672,-0.0871558105351016,0.00164140017011053,0.0367028235864687,0.0945544201755345,500,0
Dlog,1,FALSE,0.5,30,0.541542973734863,0.00168539063260936,0.0376864802315591,0.542850092246707,0.18586341276222,0.00123243703258103,0.027558129828393,0.187891297888483,0.0532164615535677,0.000793878384591035,0.0177516603381328,0.056093519965797,0.00794957792157702,0.000802554775088048,0.0179456703276393,0.0196111901340159,0.0625314998079154,0.00119835405818642,0.0267960113521756,0.0680204281092415,0.0342897469212335,0.000903800780644434,0.0202095998363833,0.039791931514038,-0.028908132063508,0.00109978101682023,0.0245918511397387,0.0379371812816309,-0.00297175853511544,0.000887522768037268,0.0198456124091011,0.0200472438010694,-0.0870257349087178,0.000987360532470018,0.0220780526890335,0.0897771912354195,500,0
Dlog,1,FALSE,0.7,10,0.356314192683993,0.00995521410219708,0.222605354630772,0.420016477689289,0.0691520271827781,0.00207057298951296,0.0462994195692593,0.0831946623494146,0.0524505016353636,0.00184674403763307,0.0412944520518996,0.0667298765810891,0.00725616208947177,0.00155802253728015,0.0348384430383511,0.0355519558868207,0.0330106873032412,0.00511079401711969,0.114280828412788,0.118843144537075,0.0243499754345322,0.00203458412224953,0.0454946840329169,0.0515611098248163,-0.0584364533371166,0.00199121729721074,0.0445249723453663,0.0734392762399788,-0.0185889419213798,0.00162876426115278,0.0364202760725984,0.0408574644091175,-0.0920304253679706,0.00164941351410508,0.0368820074054578,0.0991320387096187,500,0
Dlog,1,FALSE,0.7,30,1.05209195579004,0.0165861844341547,0.370878358821189,1.11542509339082,0.154444934824966,0.00127258494489533,0.0284558644392877,0.15703934106342,0.0702521436989152,0.00119028424942275,0.0266155649425658,0.0751154791964382,0.00607257929924621,0.000819833896723195,0.0183320432333161,0.019294245277688,0.289592271500163,0.00715278767892223,0.159941194786931,0.330747195197352,0.0675146027037368,0.00139343851579124,0.0311582324377563,0.074344571799099,-0.0251772823973863,0.00104292547750577,0.0233205226316932,0.0343023997874991,-0.00368715502922001,0.000847511557020434,0.0189509345321438,0.0192876840499791,-0.090633268738433,0.00105460825449397,0.0235817574668092,0.0936449490835783,500,0
Dlog,2,FALSE,0.5,10,0.307510864357575,0.00289175645498222,0.0646616400771405,0.314222368936417,0.0332375799412847,0.00214878746532603,0.0480483484166848,0.058384614568851,0.0601686402182677,0.0016120722441597,0.0360470312258174,0.0701217152456356,0.00286611967858885,0.00162282186446158,0.0362874000430903,0.0363642199571982,-0.0235267650903838,0.00231561081953574,0.0517786320191591,0.0568258159283792,0.0115088447199418,0.00175100995304422,0.0391537728428558,0.0407726059844355,-0.0717528236847308,0.00208420735307363,0.0466042932067755,0.0855341097559597,-0.0201064775812705,0.00169715181064114,0.0379494681673044,0.0429133108794814,-0.0827152836810089,0.00163131103527014,0.0364772236730959,0.0903866407475853,500,0
Dlog,2,FALSE,0.5,30,0.742066134785213,0.00361312142989424,0.0807918512820475,0.746442507486128,0.111694241559172,0.0012308229874644,0.0275220386823977,0.115028480323299,0.0707664934047372,0.000801643621411168,0.0179252963120448,0.072997056133666,0.00542515730583615,0.00081731318792009,0.0182756784709638,0.0190463842899372,0.105848095371007,0.00183140203562931,0.0409513944579863,0.113478993511167,0.0406746223025922,0.000898752226845645,0.0200967107415617,0.0453596177951632,-0.0305638496329443,0.00107297218086933,0.0239923873439002,0.0388411159152779,-0.00295291718704072,0.000857633676591741,0.019177272006522,0.0193843221703115,-0.0804493309907286,0.000956739807921613,0.0213933524729282,0.0832397443282155,500,0
invlogit,0.5,FALSE,0.5,30,0.442430475864509,0.00157543877411611,0.0352278819331256,0.443827948232036,0.244763459443991,0.00123553365717326,0.0276273724592832,0.246314628563909,0.0443748901274512,0.000817735465098623,0.0182851208757293,0.047987579934526,0.00962927568350169,0.000790195334813224,0.0176693048414557,0.0201072841304341,0.0497368014782356,0.00110218815649176,0.0246456764191075,0.0554972428928542,0.0345477875181881,0.000859912089641446,0.0192282188711217,0.039528908087066,-0.0255829826579317,0.00100185059614417,0.0224020603627705,0.0339902575094136,-0.00185179192551777,0.000828429553603366,0.0185242479642693,0.0185981343271809,-0.0871595508991843,0.000924411550737826,0.0206704706663578,0.0895723234810905,500,0
invlogit,0.5,FALSE,0.7,30,0.520713924715112,0.00186447850539973,0.0416910068066102,0.522376928243071,0.234059217705237,0.00125670239268644,0.0281007197753351,0.235736693248581,0.045791804613355,0.000826144510075755,0.0184731528376765,0.0493706818948282,0.00831644891042549,0.000821109862978499,0.0183605747061546,0.0201395085494388,0.0911569843258004,0.00124210519294461,0.0277743164662965,0.0952862299665269,0.0432170973983321,0.000899188364206825,0.020106463069433,0.0476568864382165,-0.0257502536911812,0.00107308452083361,0.0239948993418674,0.0351806658435807,-0.00294103951438385,0.000886408256445381,0.0198206911722894,0.0200180866312278,-0.0903622096297632,0.00102542458221628,0.0229291907163492,0.0932203047651431,500,0
invlogit,1,FALSE,0.5,30,0.453935843052713,0.00152696239179228,0.0341439170713321,0.455215580869993,0.239129696064484,0.0012414284238645,0.0277591834496145,0.240732304980345,0.0459053987903382,0.000807026380322112,0.0180456584603584,0.0493183549582643,0.0102200990012711,0.000801809519710473,0.0179290059107907,0.0206217549699111,0.0511397934553268,0.00114164149691473,0.0255278799303595,0.0571458465952239,0.0345177965792813,0.000873328088467794,0.0195282097247394,0.0396492944929912,-0.0254758963545624,0.00107679107564754,0.0240777804271302,0.0350371420972787,-0.00165122206517643,0.000864797544892623,0.0193374609715483,0.0193885547770077,-0.0887935657956063,0.000972394370204847,0.0217433991271614,0.0914118547098268,500,0
invlogit,1,FALSE,0.7,30,0.538100057715916,0.00189708861937376,0.0424201911226095,0.539766195480526,0.230246308829735,0.00126714994216921,0.0283343340837529,0.231979722279149,0.0473323209321828,0.000851881100831748,0.0190486405020714,0.0510144450954271,0.00925776717660742,0.000829192081209026,0.0185412985998791,0.0207074490789814,0.0946901721705165,0.00127635542848326,0.0285401750153945,0.0988895404601091,0.0436956145791143,0.000903551876347591,0.020204034167107,0.04813204051439,-0.0253130687346692,0.00106368486631444,0.0237847166771687,0.0347179027402931,-0.00245627166164808,0.000873809672424231,0.019538978269374,0.0196733677580445,-0.0897745937535261,0.000956465461399999,0.021387217898211,0.0922820456365015,500,0
invlogit,2,FALSE,0.5,30,0.478254958265462,0.00165523875372072,0.0370122637231157,0.479682158263237,0.226299181279538,0.00127945872188025,0.0286095667652923,0.228096886746983,0.0481013005152482,0.00076662390551313,0.0171422316590374,0.0510588239709632,0.00980481920161869,0.000783629678162535,0.0175224922955771,0.0200638515831954,0.0543573886894087,0.00113326247317463,0.02534051926368,0.0599631831864461,0.0350135745565825,0.000829927835948567,0.0185577505760029,0.0396188304907858,-0.0263820260384032,0.00106288939127968,0.0237669293146473,0.035492935819404,-0.00161599325555661,0.000833034782896788,0.01862722402179,0.0186786231294075,-0.0867631939837908,0.000914408909176942,0.0204468048015107,0.0891352203856973,500,0
invlogit,2,FALSE,0.7,30,0.556689195917294,0.0019627714601669,0.0438889040922971,0.558413148378207,0.215438290054551,0.00122218580999921,0.0273289055229388,0.217161304473326,0.0472350487521696,0.000805348580673451,0.0180081417196881,0.0505449741564858,0.00772344359032595,0.00078099753849057,0.0174636358632492,0.0190793134389575,0.0988113083093465,0.00126070658647157,0.0281902562703214,0.102746171788996,0.0431437795311662,0.000860786785828444,0.0192477776724595,0.0472347510173565,-0.0277508756267316,0.00103932638899714,0.0232400445660699,0.0361819094319299,-0.00374075941441077,0.000834806057229387,0.0186668309199349,0.0190196465907428,-0.0903792540496926,0.000960760726394081,0.0214832629432924,0.0928925028626968,500,0
log2,0,FALSE,0.5,10,0.197990055313002,0.00251366528839456,0.0562072645753184,0.205798445282523,0.108498253993981,0.00226646232079146,0.0506796381773164,0.119729528496835,0.0394819723441804,0.00163577580812637,0.0365770590292021,0.0537962045586666,0.0101970939797247,0.00161020897768458,0.0360053673208317,0.0373868215898,-0.0303325601214142,0.00200742326114879,0.04488734871543,0.0541378659541584,0.00786061835047813,0.00170251250976892,0.0380693370438708,0.0388351026130457,-0.0712394989714885,0.00192466425722873,0.0430368011302759,0.083207740822189,-0.0219225457741983,0.00168009410922994,0.0375680463683511,0.0434641623057494,-0.0911446421603751,0.0016556900257623,0.0370223544727289,0.0983628955235957,500,0
log2,0,FALSE,0.5,30,0.431365985887079,0.00152564234997326,0.0341144000389273,0.432710155283843,0.251546265828179,0.00125394899778363,0.0280391519936192,0.253101057896906,0.0432673428879311,0.000828648207683025,0.0185291372181261,0.0470606547848396,0.00988092211270541,0.000817406122189746,0.0182777565444077,0.0207615233864328,0.0474517899555584,0.00112066115693106,0.0250587452664141,0.0536503234182685,0.0342299454999631,0.00087178065732569,0.0194936081124969,0.039381847654212,-0.0257818516310163,0.00105697365764266,0.0236346494891558,0.0349597387960214,-0.00192733711645698,0.000860088218169694,0.0192321572247411,0.0193093435448903,-0.0860226289322871,0.000918839394002992,0.020545873453954,0.0884374430802693,500,0
log2,0,FALSE,0.7,10,0.20264223564536,0.00254429059442976,0.0568920672365829,0.210461658187834,0.104752637287626,0.00224623630327176,0.0502273706764348,0.116150153707392,0.037145254580865,0.0016549576822408,0.0370059787737593,0.0524068079351451,0.0103071989491694,0.00163166098422491,0.0364850487696112,0.0378778935044073,-0.0259928652276329,0.00206009166477649,0.0460650500232095,0.0528523783638485,0.00815860789204104,0.00173341804317806,0.038760405779708,0.0395717980490056,-0.0705225233009488,0.00196403423784384,0.0439171406595581,0.0830559095185698,-0.0229438996723356,0.00171185181634812,0.0382781702876089,0.0445949595369281,-0.0921710922114465,0.00166809687749147,0.0372997801112606,0.0994183146538235,500,0
log2,0,FALSE,0.7,30,0.508112506052381,0.00179061173608118,0.0400392956318643,0.50968446877567,0.240499861042686,0.0012109417223549,0.0270774800797623,0.242016335624615,0.0462183721432008,0.000827605389987131,0.0185058191055645,0.049778693571183,0.0094155977709629,0.000792682675494632,0.017724923469924,0.0200548759052554,0.088475917288396,0.00123445370824101,0.027603224067036,0.0926736318645185,0.0436062781842097,0.000869550085484916,0.0194437310098502,0.047736883594459,-0.0250538910700698,0.00103484325211498,0.0231397985778605,0.0340892480911274,-0.00239128200095684,0.000842818935943472,0.0188460043349364,0.0189784025998438,-0.088700134059398,0.00094220439172608,0.0210683306859836,0.0911630439977371,500,0
log2,0.1,FALSE,0.5,30,0.427530795351216,0.00158026975385134,0.0353359059239846,0.428985675714956,0.249287397408488,0.00131341004675507,0.029368741468755,0.251007976837799,0.042096225043371,0.000814608291677265,0.0182151951522534,0.0458608974036481,0.00891180281091164,0.000807606918262262,0.0180586396833353,0.0201216914701195,0.0455074844670496,0.00116477760392966,0.0260452190105604,0.0524206816911055,0.0331788989641442,0.000870376798893847,0.0194622168836531,0.0384559444914202,-0.0272819985390917,0.00109034508779504,0.0243808573524268,0.0365724595442514,-0.00286633052981244,0.000861061625310729,0.0192539232701124,0.0194470559436365,-0.0878265163541359,0.00101771301706653,0.0227567548774716,0.0907211724332942,500,0
log2,0.1,FALSE,0.7,30,0.506408691053844,0.00177059193526197,0.0395916392765867,0.507950908336302,0.238743774135397,0.00126302314963194,0.0282420561973291,0.240405091874507,0.0449597419424863,0.00081080921096608,0.0181302451250312,0.0484708858207902,0.00835602127346657,0.00080212353629426,0.0179360275350649,0.0197707049215184,0.0862599929800785,0.00116127934667355,0.025966995600286,0.0900762048473816,0.0427912396682419,0.000835844598278163,0.0186900534037598,0.0466873607348696,-0.0272304463831135,0.00101871439348671,0.0227791463349376,0.0354873067301059,-0.00324070761482409,0.000828367976094003,0.0185228710493011,0.0187859720070588,-0.0887669243098149,0.000919126841861533,0.0205523009834709,0.0911104776246297,500,0
log2,0.2,FALSE,0.5,30,0.430901628053308,0.0015082042167098,0.0337244715251493,0.43221670300751,0.251576223017288,0.00123826992570542,0.0276885572837094,0.253092312960486,0.0435438824850827,0.000795801572343462,0.017794664123612,0.0470328233577819,0.0103048556426697,0.000789502166917558,0.0176538051361105,0.0204260513053418,0.0487797998264059,0.00110036097644562,0.0246048194312045,0.0546228451846655,0.0347189297358628,0.000839820105587206,0.0187789484496404,0.0394632447863614,-0.0242425051700191,0.00102614826809111,0.022945372824454,0.0333636959988471,-0.00125586428067781,0.000831127086269405,0.0185845666283972,0.0186083997061351,-0.0865933572122997,0.000911593922889126,0.0203838597945579,0.0889554958950872,500,0
log2,0.2,FALSE,0.7,30,0.508641128671858,0.00181226869707502,0.0405235600015472,0.510249617710734,0.240456556505692,0.00125618380895751,0.0280891238906361,0.24208836496155,0.0463973186067213,0.000853890564831274,0.0190935734830842,0.0501651930440901,0.00984815469732703,0.000839366095867879,0.0187687964836918,0.0211789833784777,0.0870368893538298,0.00124073787741046,0.0277437423614859,0.0913432861141468,0.0441343186667857,0.000912572646773107,0.0204057447259157,0.0486148096074128,-0.0263457139902986,0.00108170276032628,0.0241876090353872,0.0357486642498103,-0.00185674946995595,0.000896265697161515,0.0200411102475439,0.0201069720830483,-0.0879087561961715,0.00102466733614396,0.0229122581794153,0.0908398098175483,500,0
log2,0.5,FALSE,0.5,10,0.202477456986851,0.0024323167019713,0.0543882548841593,0.209640851678931,0.112858618565018,0.00221284090601337,0.0494806268923813,0.123209186172103,0.042939864481639,0.00163627857077015,0.0365883011436826,0.0563902326180799,0.0134535269482658,0.00160376250039298,0.0358612197064374,0.0382681644715739,-0.0251190522598236,0.00205376583866341,0.0459236002511825,0.0523041670647961,0.0116243977236628,0.00171980074161489,0.0384559136600545,0.0401375909002596,-0.0663208311995955,0.00196239295387817,0.0438804404343819,0.0794990233752286,-0.0183237347234597,0.00167916635943009,0.0375473012521652,0.041746131388117,-0.0885985258765588,0.00162068362864732,0.0362395876367643,0.0957098734935838,500,0
log2,0.5,FALSE,0.5,30,0.433967105013175,0.00157110727688585,0.0351310267106134,0.43538393274578,0.253839870173479,0.00128248370740543,0.028677207497945,0.255451398812199,0.0439454347442743,0.000842537778906709,0.0188397174724709,0.0478061326546804,0.0108446774490933,0.00082120500303931,0.0183627021025882,0.0213101262273655,0.0491470724725422,0.00110490875138583,0.0247065107703314,0.0549965961102769,0.0350002748374987,0.000884587833828327,0.0197799852850943,0.0401930909603035,-0.0240545024844528,0.00101492658491936,0.022694448360514,0.03305490886676,-0.000984450887563493,0.000860047489930484,0.0192312465136263,0.0192372114489848,-0.085661394551568,0.00097963664736179,0.0219053413675095,0.0884124358276915,500,0
log2,0.5,FALSE,0.7,10,0.205699426735358,0.00250488003361297,0.0560108203064057,0.213174087840592,0.106297857217166,0.00219359089343591,0.0490501835254719,0.117048464799141,0.0391850996956151,0.00161088378255106,0.0360204564163616,0.0532010373210656,0.0117563027566894,0.00160299289654931,0.0358440108413354,0.0376886479125257,-0.0213356035771045,0.00209405442255314,0.046824480374129,0.0514135670653373,0.0117862601663259,0.00171005068464788,0.0382378957584271,0.0399765972463464,-0.0664591774355317,0.00197046149221862,0.044060858436465,0.0797138557157623,-0.0198352391017642,0.00170155330705368,0.0380478886191161,0.0428740394054499,-0.0885372407686741,0.00166664941428437,0.0372674138500007,0.0960464753009045,500,0
log2,0.5,FALSE,0.7,30,0.509474670373126,0.0017146642551909,0.0383410583319589,0.51091245476335,0.240331268010381,0.00124787668456862,0.0279033709423249,0.241942471048807,0.0457887760977822,0.000808053351110324,0.0180686222252919,0.0492182301127835,0.00904792694835654,0.000791374759787621,0.0176956775856269,0.019858895066615,0.0868660297308335,0.00117795278552835,0.0263398250272661,0.0907640123115991,0.0435572427448168,0.00086050847572948,0.0192415544694585,0.0476101915465085,-0.0270624981862941,0.00103121288069842,0.0230586210051504,0.0355389281033773,-0.0027683908863867,0.000843323092477895,0.0188572776177591,0.0190407382581339,-0.0876363359536977,0.000962805041634941,0.0215289752217524,0.0902368946714148,500,0
log2,0.5,TRUE,0.5,30,0.434126730589661,0.00169338489875875,0.0378652374569617,0.435771645323242,0.252828855181957,0.00127380078818001,0.0284830515216332,0.25442502170218,0.0445594519868739,0.000813094549107558,0.0181813468393904,0.0481190711830449,0.0110245700075149,0.000802775533975687,0.0179506066464333,0.0210504388141346,0.0492680877087828,0.00114176785789433,0.0255307054477603,0.0554784440418013,0.0356791396694383,0.000859179515762881,0.0192118380212115,0.0405136710045417,-0.0251325319277662,0.00106207224341631,0.0237486573329458,0.0345617547119303,-0.00111535658897788,0.000851653479050841,0.0190435507243187,0.0190571648169894,-0.085486730690071,0.000914764611259996,0.0204547585418852,0.0878950594560897,500,0
log2,0.5,TRUE,0.7,30,0.51517618054393,0.00178263339823923,0.0398608945742438,0.516712889460152,0.242794032324869,0.00117815464785382,0.0263443388060847,0.244216253085918,0.0479187049668699,0.000825739353692322,0.0184640932655277,0.0513463063943239,0.0100187082602177,0.000789187868227392,0.0176467772037459,0.0202770915910208,0.0914529622466267,0.00119754391756596,0.0267778960571889,0.0952851820038039,0.046007894119531,0.000886495934930321,0.0198226517228143,0.050088700997284,-0.0260705257291912,0.00101622648607625,0.0227235150340225,0.0345687392166226,-0.00187223469279407,0.000851116302836247,0.0190315390990014,0.0191044587534106,-0.0871255152585179,0.000981381331358928,0.0219443536876781,0.0898412319512294,500,0
log2,1,FALSE,0.5,10,0.198645474688281,0.00252136838924761,0.056379511146768,0.206475946765541,0.108899092179549,0.00229776090705949,0.0513794958422659,0.120389306690209,0.0408292136926005,0.00163508675898906,0.0365616514220934,0.0547823469445887,0.0110092596178313,0.00161690192052612,0.0361550260724636,0.0377594403535425,-0.0274721399685974,0.00202483879022478,0.0452767717842106,0.052920738520237,0.00918395424962481,0.00171023831092272,0.0382420912094763,0.0392922083962324,-0.0683381991459739,0.00196421147433003,0.0439211037878702,0.0812115428602595,-0.0208940318887183,0.00169000269173271,0.0377896090087197,0.0431481055030302,-0.0896721181270287,0.00159915054188468,0.0357580931790977,0.0965255029240314,500,0
log2,1,FALSE,0.5,30,0.434195839023589,0.00147882462386921,0.033067523857721,0.435450687032655,0.252729262255473,0.00124335350546207,0.0278022295827585,0.254250856521721,0.0437310899194552,0.00079692303414084,0.017819740771743,0.0472156361854126,0.0102653030322306,0.000791270063960717,0.0176933365157677,0.0204402665121961,0.0491542641097518,0.00110782701403269,0.0247717651068771,0.0550323063844185,0.0347265737312914,0.000853806358723391,0.0190916905772707,0.0396194218397349,-0.0248862887341186,0.00104779520968289,0.0234294131534959,0.0341638243303307,-0.00165322063810702,0.000852562227098396,0.0190638709484063,0.0191164183796201,-0.0867644653952087,0.000954063750818112,0.0213335140169772,0.0893436121834589,500,0
log2,1,FALSE,0.7,10,0.207406763567187,0.00264676189576079,0.0591833951917735,0.215669271087255,0.108607827846673,0.00231229857128821,0.0517045678967607,0.12026502353669,0.0395634943142473,0.00160085108414242,0.0357961184599669,0.0533298176910428,0.0120261686255214,0.00159576113050414,0.0356823036365918,0.0376205937092675,-0.0201378705855219,0.0021193522219137,0.0473901563646426,0.0514477317103872,0.0119179628391444,0.00169512081971137,0.0379040538294978,0.0396973764920464,-0.0658304132292674,0.00197762125742435,0.0442209556534946,0.0792794124537173,-0.019765426949103,0.00168359827289963,0.0376464018500482,0.0424863410002689,-0.090412392911546,0.00162455660116906,0.0363261899351004,0.0974235786811507,500,0
log2,1,FALSE,0.7,30,0.511051377923305,0.00179987556968679,0.0402464412486081,0.512630517388909,0.239403046602677,0.00130579325693853,0.0291984248707541,0.241173509410853,0.0459066781893334,0.000847929712784846,0.0189602847792879,0.0496608146982397,0.00885352944283402,0.000821749158238875,0.0183748697827536,0.0203800282494704,0.0890618417944935,0.00120728909995461,0.0269958049599306,0.093055508178136,0.0441113967390809,0.000904202642424485,0.0202185857389608,0.048515862860901,-0.0267252314452908,0.00106033501624841,0.023709811752548,0.0357109067204816,-0.00249025993319996,0.000877608096103111,0.0196239136049072,0.0197618112463767,-0.088147412246983,0.000962296644120581,0.0215176071077354,0.0907306325705445,500,0
log2,1,TRUE,0.5,30,0.443865779933826,0.00161635216662951,0.0361427332016265,0.445331915727159,0.250581391643789,0.00128254872982864,0.0286786614435285,0.252213906295997,0.0442207370335572,0.000799860174013542,0.0178854172158909,0.0476940452937213,0.00850128371101033,0.000790050408151759,0.0176660641827879,0.0195892181773048,0.0544708507079441,0.0010685371028847,0.0238932159853089,0.059471149101287,0.0367856010815968,0.000823667329633068,0.0184177613990527,0.0411304747604122,-0.0278026538431428,0.0010036344120853,0.0224419476998076,0.0357158409567716,-0.00330981771152838,0.000818799888833095,0.0183089221140007,0.0185876595891505,-0.0868845375169838,0.000935711570169384,0.0209231467823181,0.0893634454051098,500,0
log2,1,TRUE,0.7,30,0.518867529036894,0.00199346329962971,0.0445751944862307,0.520774890673898,0.245164163556366,0.00131930362757957,0.0295005259422998,0.246929154943484,0.0488327623715579,0.000886515427242379,0.0198230875841623,0.0526954226911946,0.00830009696494716,0.000866103463174919,0.0193666621920711,0.0210525314126448,0.0963283295665061,0.00126944582082658,0.0283856714912126,0.100415546258477,0.0477565777952003,0.000929457579386806,0.020783303297113,0.0520746822098506,-0.0273222763092877,0.00105682578257065,0.023631342902024,0.0361085899660926,-0.0037207916781441,0.000907185865679809,0.0202852926388705,0.020603747279606,-0.0889769769915376,0.00103679678884422,0.0231834809870916,0.091941836383934,500,0
log2,2,FALSE,0.5,10,0.20506093818311,0.00235048342237385,0.0525584071241427,0.211676285293477,0.112943416213216,0.00208521787689772,0.046626889206411,0.122171739487431,0.0430373032002833,0.00154202308403909,0.0344806843878529,0.0551248512688799,0.012724160402521,0.00152725465859263,0.0341504523556635,0.0364118819515462,-0.023565534589864,0.00196261505271709,0.0438854067153974,0.049773602293151,0.0120374846703346,0.00160864739495308,0.0359704492694303,0.0378970514867834,-0.0664739613597406,0.00185986732840914,0.0415878977545376,0.0783892956469113,-0.0192211696145296,0.00159029620478355,0.0355601041825594,0.0403911540910388,-0.0878300463853234,0.00157937365338791,0.0353158685084755,0.0946511130173279,500,0
log2,2,FALSE,0.5,30,0.439860979193627,0.0016630318391544,0.0371865224109574,0.441426950685274,0.251038638309379,0.00133187515698042,0.0297816338855142,0.252795509749846,0.0445592791275524,0.000824204648080419,0.0184297762047911,0.04821313818892,0.00984005241725971,0.000815525903296266,0.0182357135718237,0.0207051394235602,0.0526788046428197,0.00119141632944601,0.0266408790214455,0.0590201103079417,0.0367617394035964,0.000875092357917394,0.0195676599889387,0.0416359581946394,-0.0250738597573557,0.00110978694220837,0.0248155904331955,0.0352601807230557,-0.00117327896469643,0.000866865268635139,0.0193836966800179,0.0193998150794787,-0.0852276495253321,0.000938618103706953,0.0209881388480069,0.0877688624283775,500,0
log2,2,FALSE,0.7,10,0.207873567987779,0.00252429439000586,0.0564449385127447,0.215385884610645,0.106025199948238,0.00220196241600098,0.0492373764607786,0.116879483342128,0.0392362979866021,0.00154419539742192,0.0345292587917772,0.052243394347779,0.0103228380862472,0.00153217952171443,0.0342605756428658,0.0357491322335052,-0.0194723090591591,0.00199212419221898,0.0445452511342349,0.0485744959820505,0.0119533303987607,0.00158838073928432,0.0355172730719112,0.0374410982840209,-0.0676578107227174,0.00184862205628633,0.0413364458256168,0.079264517293542,-0.0212742466421967,0.00156642548214968,0.0350263385977456,0.040950998485578,-0.090451416500788,0.00154864699242837,0.0346287994822043,0.0968411802544279,500,0
log2,2,FALSE,0.7,30,0.523408256486368,0.00185196627174215,0.0414112247565229,0.525040629584857,0.240766775570439,0.00133080289200009,0.0297576573116551,0.242595109907283,0.0474452522222533,0.000818584495922557,0.0183041057821024,0.0508470467808964,0.00915210440814862,0.000818351548130203,0.0182988969111133,0.0204436039876749,0.0972287968823695,0.00121629004313422,0.0271970721680428,0.100953654298583,0.0465586896696009,0.000875371616034164,0.0195739043902624,0.0504983469171336,-0.0245766375665015,0.00109672955430989,0.0245236183636996,0.0347018177623055,-0.00203172036923072,0.000866606739032271,0.0193779157823558,0.0194648529531226,-0.0866169929896388,0.00101166922750087,0.0226216116343665,0.0895165756319876,500,0
log2,2,TRUE,0.5,30,0.476305756240578,0.00189431156078664,0.0423580942048264,0.478181757448238,0.256307481669755,0.00127125249794703,0.0284260700197597,0.257875843253583,0.0504205450821078,0.00077072946628443,0.0172340347887412,0.0532789761309862,0.0092962440107609,0.000748616033926716,0.0167395634090642,0.0191330266781667,0.0743652856333306,0.00115742401894122,0.0258807878514358,0.0787316407601052,0.0461692397582814,0.000817636756457194,0.0182829136834073,0.0496507311401059,-0.0272239417487753,0.000986464776961598,0.022058022986953,0.0350246523134417,-0.0024579950289495,0.000790748010807734,0.0176816630523883,0.0178341712855949,-0.0862985300721826,0.000894920659235031,0.0200110342851845,0.0885837282055565,500,0
log2,2,TRUE,0.7,30,0.523058634000675,0.00199979518469905,0.0447167797406382,0.524962785168858,0.255760195160336,0.00125357460492604,0.0280307803148208,0.257288613475647,0.0544838195966264,0.000815938890226211,0.0182449482403155,0.0574517099646036,0.00860352888742622,0.000780026822703374,0.0174419299983792,0.019432786458483,0.103710743068767,0.0012461059613238,0.0278637763668774,0.107381355370625,0.055051207847564,0.000868195622303832,0.019413444292391,0.0583674870208653,-0.0271822372858594,0.00100391168997836,0.0224481478219832,0.0352389773662787,-0.00303557320418146,0.000827215700596917,0.0184971053858982,0.0187262736955235,-0.0860996660499241,0.000971164104149053,0.0217158895418497,0.0887907044278008,500,0
log4,0.5,FALSE,0.5,30,0.433205814015928,0.00156724853244968,0.0350447425619428,0.434618171514346,0.252651247853437,0.00127260261424607,0.0284562595379815,0.254245535322409,0.0430827512927423,0.000806572171507326,0.0180355020425,0.0466985249682414,0.00976627786505513,0.00079329346795624,0.017738581204567,0.0202338363135166,0.0479202350390189,0.001110098083166,0.0248225477565138,0.0539562367624445,0.0339005240179582,0.000853103729077436,0.0190759793007571,0.038889725236912,-0.0258250378387706,0.00103579145327839,0.0231610010004379,0.0346740779658454,-0.00243322097789911,0.000835253859421756,0.018676844081361,0.0188161478564843,-0.0862669275686591,0.000934766721760976,0.0209020193296218,0.0887581174618301,500,0
log4,0.5,FALSE,0.7,30,0.511410986305064,0.00179485394089232,0.0401341542151861,0.512980239139304,0.240919292504008,0.0011975798021681,0.0267786984612862,0.242400020615779,0.0457781497018555,0.000778919613218837,0.0174171720416516,0.04897336170093,0.00888397680844255,0.000771757389456643,0.0172570198496283,0.0193941787285575,0.088731453715343,0.00118424356653271,0.0264804911668393,0.0925909545152778,0.0435237754859146,0.000846529126515343,0.0189289667182183,0.0474542748549136,-0.0264611525200936,0.00103775895614101,0.0232049957019052,0.0351793614860481,-0.00304978075114604,0.000843259830514217,0.0188558630372474,0.0190822861934239,-0.0888181994034895,0.00094693673693981,0.0211741491418925,0.091302357296936,500,0
log4,1,FALSE,0.5,30,0.438359254654914,0.00156155774700021,0.0349174927308389,0.439744959013315,0.252617867438283,0.00122050249954322,0.0272912655568705,0.254084849013887,0.0439058761688698,0.000802127448474165,0.0179361150140669,0.0474213746691338,0.00951251622982729,0.000781587856608343,0.0174768357776461,0.0198825771529734,0.0513147844960158,0.00113998360386022,0.0254908083146665,0.0572860266888055,0.0357027150412161,0.000872451379062416,0.01950860590647,0.040675648665011,-0.0255355347720202,0.00104893917803261,0.0234549930634367,0.0346568891030298,-0.00198336223090245,0.000851932363822059,0.0190497867773821,0.0191338002824887,-0.0862088156759345,0.000953368906924682,0.0213179768351826,0.0888003779514476,500,0
log4,1,FALSE,0.7,30,0.517977440484375,0.00180563966865814,0.040375330419898,0.519545508904319,0.239897951939881,0.001223500318489,0.0273582988263406,0.241449802042975,0.0464282283181208,0.000751493887395974,0.0168039141689297,0.0493699014896072,0.00823047029478441,0.000723260175473136,0.0161725891777636,0.0181320207562373,0.0928986601406041,0.00114222639404657,0.0255409586278259,0.0963389689710893,0.044921464180421,0.000800628434320482,0.0179025960385982,0.0483508002327184,-0.0274577169834017,0.00097231449433818,0.0217416130484851,0.0350096924353063,-0.00372721050683922,0.000780025395058803,0.0174418980752761,0.0178186269676897,-0.088020505438847,0.000921400098913451,0.0206031325564551,0.0903949637463652,500,0
log4,2,FALSE,0.5,30,0.456401082343892,0.00171152040701608,0.0382707597496605,0.457999639426047,0.254168512757872,0.00132293490563062,0.0295817237879733,0.255880755632486,0.0471317920246179,0.000761233063958865,0.0170216887773247,0.0501055309572335,0.00975470918885524,0.000768010789823839,0.0171732433349941,0.019735369199201,0.0605995670109918,0.00112826640093273,0.0252288036921462,0.0656317535388553,0.0395352751263542,0.000829641770586753,0.0185513539600527,0.0436635134591822,-0.025712271651248,0.00103881114414092,0.0232285233408342,0.0346353299604618,-0.00233246033265033,0.000827318576843518,0.0184994057687049,0.0186275046361822,-0.0855390658676126,0.000932640542046587,0.0208544765058842,0.0880395999619352,500,0
log4,2,FALSE,0.7,30,0.543859677197746,0.00195051819198305,0.0436149126862409,0.545602240252959,0.245348352883789,0.00130638411562405,0.0292116368726132,0.247077775917035,0.0498121612760161,0.000836683058893338,0.0187088019530796,0.0532031074559216,0.00883378667246171,0.000807316947660583,0.018052155743567,0.0200814430086731,0.107368933908265,0.00126991247736679,0.0283961062486729,0.111053204100482,0.0500780406782349,0.000884627600148315,0.0197808744870414,0.0538359599863519,-0.0272018010924638,0.00105221548115728,0.0235282534284533,0.0359500978392091,-0.00361162446529739,0.000860504533562191,0.0192414663199181,0.0195585630700876,-0.08518436065922,0.00099206080102765,0.0221831538891072,0.0880197900063102,500,0
power1.5,0.5,FALSE,0.5,30,0.473710920280622,0.00164891907192664,0.0368709513422383,0.475140804511558,0.225600207560775,0.00126366167903687,0.0282563341488796,0.227359357032339,0.0462622439970519,0.000755921911681867,0.0169029278020225,0.0492476676603733,0.00850337139748403,0.00078336034990458,0.0175164699326466,0.0194556004941266,0.0522526664510741,0.0011088364708654,0.0247943372478601,0.0578262119846069,0.0332941806565981,0.000845603076151561,0.0189082596025782,0.0382793639214432,-0.0269770094709226,0.00106364893761242,0.0237839132869681,0.0359486052882971,-0.00273229027805944,0.000858515941485063,0.0191970000492783,0.0193714524864241,-0.0889580370517,0.000967717036783693,0.02163881077233,0.0915468951492571,500,0
power1.5,0.5,FALSE,0.7,30,0.582418240761591,0.00193516534606157,0.0432716126149558,0.584020286261709,0.206573073900698,0.0012445346559387,0.0278286409103325,0.208435407858621,0.0501785345825274,0.000803573564913547,0.0179684511606853,0.0532926340078026,0.00954098291843875,0.000789208253709613,0.017647233036986,0.0200457561404878,0.10593774871868,0.00125427517423654,0.028046445520833,0.109580274245516,0.0450472397688635,0.000871383594062521,0.0194847295080188,0.0490728966480086,-0.0255084279462791,0.00106882839537731,0.0238997294834569,0.0349390121716995,-0.00169189885377519,0.000843263529958449,0.0188559457593352,0.0189129087881648,-0.0875123031416114,0.000964852316809439,0.0215747536863407,0.0901273668636908,500,0
power1.5,1,FALSE,0.5,30,0.530244509072058,0.00168084053816687,0.0375847370267844,0.531572221465274,0.194448989657005,0.00123531807001563,0.027622551783888,0.196397273237053,0.0531558425569245,0.000828134839038244,0.0185176579462536,0.0562828699200687,0.00930065010656622,0.000840935191267788,0.0188038825234656,0.0209614149895744,0.0616747354899376,0.00121941731870911,0.0272670001757409,0.0674223651152972,0.0350167527442058,0.000903025347165364,0.020192260616671,0.0404114452449152,-0.0276400673814151,0.00112164839016479,0.0250808204726168,0.0373063370664776,-0.0019862012635874,0.000887912495595747,0.0198543269822357,0.0199336626533403,-0.0890956100706713,0.000964952833212324,0.0215770013014377,0.0916660437951646,500,0
power1.5,1,FALSE,0.7,30,1.61171756464152,0.0497030949170408,0.433301535849182,1.66820662134488,0.749988528847342,0.116434576873957,1.01505310825499,1.25668555943359,0.414905983868366,0.0505663544250402,0.440827257764022,0.60325673675284,0.00846035135818579,0.00223461221364674,0.0194808976345757,0.0211208291979125,0.72075831847689,0.0381368605443921,0.332469442273817,0.792826628946906,0.431409964434932,0.052029232627599,0.453580334267346,0.623812981589843,-0.0157438177622526,0.00413563172471698,0.0360536015114843,0.0391232223866777,-0.000407141993802984,0.00242570418785011,0.021146798843524,0.0210111595378416,-0.0428747239143156,0.00776740546151524,0.0677146709205017,0.079769580799933,76,424
power1.5,2,FALSE,0.5,30,0.825753073676838,0.0173325993360007,0.311986788048013,0.882555083608677,0.176287782321154,0.017846247478731,0.321232454617159,0.36599068778591,0.107016371173541,0.00948937894394655,0.170808820991038,0.201340777575631,0.00596386166525442,0.000972203909755008,0.0174996703755901,0.0184624193640611,0.178427124532097,0.0128817538100079,0.231871568580142,0.292292188577434,0.0833704047958339,0.0100572903970563,0.181031227147013,0.199052205483999,-0.0304849706559454,0.00143293650148452,0.0257928570267213,0.0399067864213275,-0.00363327691059012,0.00106852433647813,0.0192334380566064,0.0195444134301518,-0.0805850151193883,0.00167351643609647,0.0301232958497364,0.0860148647466291,324,176
sin,0.5,FALSE,0.5,30,0.432004918000438,0.0015105186611117,0.0337762240752773,0.433320667430856,0.251678434997292,0.00127153322804474,0.0284323473355778,0.25327616591568,0.042348276363978,0.000759107861934117,0.0169741678153921,0.0456171309847397,0.00907224082280478,0.000754242010666413,0.0168653640733622,0.0191357565270717,0.0493852818728608,0.0010349428646063,0.0231420259808805,0.054528784375123,0.0337243643103586,0.00078978601026032,0.0176601520662042,0.0380603462569278,-0.0245726460914146,0.00100471184691482,0.022466039875009,0.0332795498422692,-0.00251134713674728,0.000786271248387678,0.0175815596014847,0.0177426007108813,-0.0890235099535151,0.000906807839284059,0.0202768397116886,0.0912990320467842,500,0
sin,0.5,FALSE,0.7,30,0.51052598455299,0.00171163012017019,0.0382732130103669,0.511955750099819,0.2388527210529,0.00116831101391531,0.0261242284597634,0.240274286423594,0.0468132492907729,0.000762353543843526,0.0170467434692199,0.0498145620189482,0.00934020914133193,0.000731183988177219,0.0163497710162366,0.018815416260679,0.0888767906969403,0.00116442113164692,0.0260372480479975,0.0926048936824014,0.0446049626363714,0.000803051226672168,0.0179567713225356,0.0480770572815065,-0.026508441038731,0.00101113470878404,0.0226096594325057,0.0348263083395077,-0.00237067976479621,0.000779447807452133,0.0174289828237614,0.0175721946817591,-0.0873760384661269,0.000921669401850599,0.0206091543531951,0.0897689248387303,500,0
sin,1,FALSE,0.5,30,0.430473339751949,0.00157108547761242,0.0351305392640409,0.4319015891573,0.250622602024993,0.00123568929201232,0.0276308525600815,0.252138108446439,0.0421224916911664,0.00078367658296486,0.0175235411188418,0.0456153992707444,0.00880275946632225,0.000781407596711457,0.0174728050438156,0.0195493450654725,0.0483409111274831,0.00109100746875445,0.0243956686409494,0.0541368824349661,0.0338871479549301,0.000835772146331098,0.0186884333289724,0.0386897637848849,-0.0253520003517563,0.000998582094522029,0.0223289744446538,0.0337684742827679,-0.00239605926402997,0.000824387479660375,0.0184338644432032,0.0185706446735302,-0.0874516579784484,0.000937268873005271,0.020957969132344,0.0899230253071565,500,0
sin,1,FALSE,0.7,30,0.510416215986216,0.00175970740695398,0.0393482538245899,0.511927633607108,0.240785487202055,0.00126769278844209,0.0283464724954277,0.24244497582969,0.0456932081771535,0.000816932648392908,0.0182671693484548,0.0492025545126856,0.00868938636259098,0.0008174432830861,0.0182785874873112,0.0202223634219299,0.0892469449442732,0.00122184389485871,0.0273212600679718,0.0933272496706321,0.0440514114787469,0.000864249261921871,0.0193252009916132,0.0480961882049856,-0.0259748991541662,0.00106179627796769,0.0237424865579202,0.0351749007487756,-0.00254004533943253,0.000867099724635842,0.0193889392755709,0.0195353764905027,-0.0878944330138193,0.000966064007684006,0.0216018479179732,0.0905049054395676,500,0
sin,2,FALSE,0.5,30,0.433905979367852,0.00158784799358246,0.0355053605158704,0.43535331432675,0.253061096947184,0.00126989429934482,0.0283956997757449,0.254646071876899,0.0442895994281274,0.000762037271696261,0.0170396714090132,0.0474482699202791,0.0103748014331457,0.000747405415031191,0.0167124931476119,0.0196566863212434,0.0490203336699195,0.00114564832712104,0.0256174753775155,0.055298604392321,0.0356184754935245,0.000802337782375607,0.0179408182230829,0.0398736129423894,-0.0263019544497571,0.001064203282286,0.0237963088106989,0.0354531323336207,-0.00170063837392243,0.000790586225446412,0.0176780454217315,0.0177420527062624,-0.086086617089198,0.000860578487156214,0.0192431199725522,0.0882069312061568,500,0
sin,2,FALSE,0.7,30,0.507949462403671,0.00173547223527758,0.0388063389114418,0.509426713504513,0.244855218067622,0.00123394437428831,0.0275918350136211,0.24640183553627,0.046558832148021,0.00080626593456838,0.0180286543763729,0.0499210092531497,0.00900225174714109,0.000776668374857382,0.017366832821554,0.0195459511154153,0.0903493512203541,0.0011593520834139,0.0259239006836948,0.0939878172708765,0.0451667566640863,0.000847530860105538,0.0189513661622485,0.0489741960465873,-0.026240308683854,0.00101777130796399,0.0227580583015636,0.0347195500985539,-0.00276475702476675,0.00082819051970421,0.0185189030037949,0.0187058212953357,-0.0890311359120745,0.000919158087366173,0.0205529996541945,0.0913680693951121,500,0
softpoly2,0.5,FALSE,0.5,30,0.43149232021787,0.00156534823675254,0.0350022506583811,0.432906837140569,0.249618383191168,0.0012701892653622,0.028402295416404,0.251225823177323,0.0428124080052237,0.00083443845340969,0.0186586110486386,0.0466942154654898,0.00908998378497006,0.000819081783382605,0.0183152254677526,0.0204304770912909,0.0478262126553097,0.00113731501140525,0.0254311367733309,0.0541552938234076,0.034069125663265,0.000906678643374697,0.0202739508033311,0.0396347869739814,-0.0266083734440217,0.00105694259963714,0.0236339550110398,0.035573195514902,-0.00262184149973232,0.000883924273284412,0.0197651476202605,0.0199186794537064,-0.0876082996458124,0.000970399257989963,0.0216987870618091,0.090250262337925,500,0
softpoly2,0.5,FALSE,0.7,30,0.509930938279259,0.00170459178059847,0.0381158309530559,0.511350635817019,0.238969926060545,0.00122371122835393,0.0273630149142916,0.240528299119691,0.0462365379738106,0.000776121008276004,0.0173545933327082,0.0493801274778408,0.00904174930494106,0.000770667283041412,0.0172326443291567,0.0194453936192474,0.0887959674503478,0.00116133723259931,0.0259682899689353,0.0925079846023364,0.0443829056211149,0.000818310666608089,0.0182979827724885,0.0479998838807762,-0.0260800364741004,0.00102181328057741,0.0228484395568315,0.0346579772966084,-0.00214966710040621,0.000812593893590541,0.0181701518416968,0.0182788177341147,-0.0878834980305334,0.000903131576483188,0.0201946359764296,0.0901693789579302,500,0
softpoly2,0.5,TRUE,0.5,30,0.438174993968535,0.0015874141846728,0.0354956602537578,0.439607492375167,0.252335332786917,0.00123444832880034,0.0276031037790857,0.253837600934626,0.0427585395609278,0.000806593537271992,0.0180359797955219,0.0463997702519478,0.00852093465714976,0.000796115040345497,0.0178016734812252,0.0197198404406858,0.0505489229972651,0.00110742695730598,0.0247628195665192,0.0562775661751791,0.0341700357332211,0.000857900643525501,0.0191832415686384,0.0391771885869338,-0.0262825168687213,0.00103813638266666,0.0232134352155839,0.0350507708947138,-0.00336242995980429,0.000846010566442535,0.0189173713624861,0.0191952374463633,-0.0891065044014117,0.000960317975354913,0.0214733627290855,0.0916523443394651,500,0
softpoly2,0.5,TRUE,0.7,30,0.512696839497618,0.00185693823084262,0.041522401141823,0.514372152053196,0.242784838384081,0.00123756160782981,0.0276727188145139,0.244353689468849,0.0469571650307248,0.000825961780869688,0.0184690668884141,0.0504519530502832,0.00893010977716968,0.000802639257453953,0.01794755941077,0.0200304148648452,0.0914411342868182,0.00123781183391385,0.0276783140398505,0.0955302984901248,0.0449223624700854,0.000893869066506951,0.0199875199569382,0.0491601525833137,-0.0255507191937153,0.00104022816118218,0.0232602088051296,0.0345368569841989,-0.00280171381133187,0.000876051897889933,0.0195891159549959,0.019769056559459,-0.0889796363977163,0.0009902071332561,0.0221417046176583,0.091687786900321,500,0
softpoly2,1,FALSE,0.5,30,0.430994771272572,0.00160325783905001,0.0358499351357525,0.432480219522045,0.249605918167832,0.00127917953602503,0.028603323979786,0.251236200072389,0.041016727169785,0.000767698065435837,0.0171662506050961,0.0444574257828528,0.00752954212155443,0.000758279752213083,0.0169556507191015,0.0185368041389505,0.046398265842563,0.00118999339075995,0.0266090611451473,0.0534735927720711,0.0323313761974484,0.000856047681677675,0.0191418080821238,0.037563198557105,-0.0281279780146173,0.00109428603681074,0.0244689796513766,0.0372654887320684,-0.00432159478117067,0.000851974960217251,0.0190507392617345,0.0195161724356596,-0.0889746009371678,0.00100338900712475,0.0224364602780697,0.0917543872097571,500,0
softpoly2,1,FALSE,0.7,30,0.510712729752828,0.00182922409120886,0.0409026941402328,0.512344782991628,0.241242961320713,0.00119857680508092,0.0268009921241546,0.24272417057077,0.0456088157628727,0.00083627852204975,0.018699756234263,0.049286363192531,0.00865873854892652,0.000795725042223603,0.0177929528581087,0.0197719434129962,0.0889335094452808,0.00122061306153191,0.0272937377980948,0.0930194997245149,0.0434967569879154,0.000884245717931804,0.0197723353410862,0.0477716571077083,-0.0266295323340096,0.00101785680062593,0.0227599699756004,0.0350158848688951,-0.00315710030030536,0.000851459204663929,0.0190392066169645,0.0192803964723873,-0.08957310165891,0.000980367432674078,0.0219216822238619,0.0922113852624412,500,0
softpoly2,1,TRUE,0.5,30,0.447287859961163,0.00158855973784699,0.0355212756014511,0.448693288524523,0.255177160408165,0.00124664082670121,0.0278757363203043,0.256692200419146,0.0463144905028716,0.000803328374312033,0.017962968532161,0.0496694567370233,0.0104138634129873,0.000784417899695933,0.0175401174648772,0.0203835463162003,0.0571903834354939,0.00112686746114612,0.0251975224475534,0.0624850803369794,0.0394291452747029,0.000836625749483443,0.0187075204757169,0.0436340334692804,-0.0255221085708661,0.00103735635174073,0.0231959931938345,0.0344725400565581,-0.00104943726527607,0.000815128820685545,0.0182268345347212,0.0182388152229124,-0.0860774257001311,0.000916602050723235,0.0204958449373286,0.0884791654319661,500,0
softpoly2,1,TRUE,0.7,30,0.517845794046631,0.00196143259390077,0.0438589661324587,0.519696092061672,0.249239708646944,0.00132185024595305,0.0295574700602584,0.250982726725772,0.0490289560089423,0.000820431133704045,0.0183453978581946,0.0523423255373421,0.00889659220560812,0.000803396462343632,0.0179644910268321,0.020030647639313,0.0964328995608006,0.00128122851651978,0.0286491405764945,0.100590436061107,0.0488028972651495,0.000885395761696184,0.0197980511014287,0.0526583486565301,-0.0260049182549028,0.00109622125821001,0.0245122525173793,0.0357198067726156,-0.00236095531844516,0.000871962375127817,0.0194976714460797,0.019620728412863,-0.0865898984516239,0.000959447230764451,0.0214538922881324,0.0892029117752594,500,0
softpoly2,2,FALSE,0.5,30,0.440534477200684,0.00160718133301614,0.0359376671279281,0.441994975638005,0.252399493236008,0.00129527573622325,0.0289632459580128,0.254052545869915,0.0451362411657998,0.000845960963646055,0.0189162622102381,0.0489325003717541,0.0101253213970491,0.000836392824632272,0.0187023121177082,0.0212508601939926,0.0532914047918753,0.00116387263915278,0.026024983382977,0.0592951851776818,0.0371382640774152,0.000890597860415828,0.0199143735650566,0.0421312208299673,-0.0256223293850845,0.00108658017968916,0.0242966714478891,0.0352937862814057,-0.00149653329124277,0.000877656096669464,0.0196249869302005,0.019662386520418,-0.084644861189321,0.000980257929161675,0.0219192336508868,0.0874313697936496,500,0
softpoly2,2,FALSE,0.7,30,0.518584112033885,0.00195067767408969,0.0436184788145572,0.52041161382571,0.242012061205187,0.00120526364738442,0.026950514463609,0.24350506224343,0.0479958039300659,0.00084945903919616,0.0189944815574427,0.0516107153977746,0.00939273996643708,0.000801650390765735,0.0179254476794145,0.0202213400949472,0.0963340203459877,0.00127100519308904,0.0284205401150235,0.100430847463566,0.0475706431624352,0.000901740411837552,0.0201635285892742,0.0516596635711837,-0.0260956482170442,0.00101320043080199,0.0226558503810533,0.0345433616957501,-0.00207408833210532,0.000843159574406981,0.018853621242538,0.0189486136247099,-0.086180448421217,0.000955882053958975,0.0213741725112439,0.0887863234407269,500,0
softpoly2,2,TRUE,0.5,30,0.477051096372926,0.00196253098159218,0.043883526827895,0.479061228810693,0.258221052016484,0.00130268616640341,0.0291289482142663,0.259855556679708,0.0507551102217489,0.000786055562423811,0.0175767367167147,0.0537066569792178,0.00913463395754976,0.000767577785055213,0.0171635610540218,0.0194278199996151,0.0752613318475881,0.00120271380954647,0.0268934983562365,0.0799129639345332,0.0468311859293948,0.000860999596803348,0.019252536270522,0.0506268585643592,-0.0281905572000274,0.00102794425094418,0.022985532221913,0.0363591190403393,-0.00286923313882026,0.000843359133816234,0.0188580835265844,0.0190564571332645,-0.0872949076717212,0.000911369865739272,0.0203788497243787,0.0896374242516538,500,0
softpoly2,2,TRUE,0.7,30,0.511518693038391,0.0021168452840862,0.0473340995306659,0.513699726758859,0.263271033288983,0.00129745982618543,0.0290120836942568,0.2648615762381,0.0542457117521196,0.000818574705782797,0.0183038868679222,0.0572447329753471,0.00888114913019211,0.000789956042841497,0.0176639541103032,0.0197551525970818,0.100197553873207,0.00129704596787902,0.029002829541195,0.104302596301947,0.0548336917757484,0.000850913139459222,0.0190269962277858,0.0580347851382173,-0.0271120379995662,0.00107684392765676,0.0240789622339838,0.0362449918459228,-0.00310377084149727,0.000832443486029471,0.0186140022218879,0.0188526260769036,-0.0872572330520001,0.00094219157237234,0.0210680440365197,0.0897596762163096,500,0
tanh,0.2,FALSE,0.5,30,0.431991890279087,0.00162407678768706,0.0363154609794777,0.433512593066958,0.246599151289241,0.00132651540415039,0.0296617861688089,0.248373113142668,0.0422766202529779,0.000864523893786787,0.0193313419468006,0.0464786617698456,0.00867966515264929,0.000853417376641184,0.0190829926734923,0.0209468106240526,0.0463162583463781,0.00113203797582415,0.0253131386705406,0.0527699655730771,0.0328145750066342,0.000898630534882306,0.0200939896265383,0.0384676125479503,-0.0269452372606371,0.00108066141151253,0.024164323768029,0.0361772376655795,-0.00309951068236691,0.000888443064666351,0.019866190867322,0.0200868906246791,-0.0886760624710494,0.000971818632488308,0.0217305252404474,0.0912946622269929,500,0
tanh,0.2,FALSE,0.7,30,0.512575135975877,0.00176539525567542,0.0394754379884586,0.514089937272323,0.23655726432198,0.00127831867548586,0.0285840745529388,0.238274536035454,0.0461373089709238,0.000843628091258694,0.0188640975978284,0.0498376739916956,0.00917440250399193,0.000811500345053737,0.0181456993530469,0.0203169272653716,0.0871637652829307,0.00125528056941677,0.0280689268405054,0.091563152539477,0.0433710098000639,0.000915730793790616,0.0204763630400566,0.0479529704141333,-0.027415542692557,0.00109933092935026,0.0245817868779519,0.0368058106655489,-0.00287793783789592,0.000890157333474641,0.0199045230831925,0.0200917939788809,-0.0904064487175348,0.00100038918386104,0.0223693821906882,0.0931274097717215,500,0
tanh,0.5,FALSE,0.5,30,0.44379096271193,0.00161594787882457,0.0361336930514833,0.445256612607576,0.246391250253766,0.00128596868332327,0.0287551339284674,0.248060178612779,0.0442358462587353,0.000824045623344926,0.0184262203036044,0.0479130111526512,0.00973481124529751,0.000827887269295592,0.0185121221185162,0.0208992779296741,0.0496688720355321,0.00113199453649133,0.0253121673375297,0.0557352783519963,0.034320471083189,0.000878173981932435,0.019636567196726,0.039531232172815,-0.0256431518086288,0.00104760915212093,0.0234252527799332,0.0347162241257389,-0.00188955082240982,0.000873327292818446,0.0195281919334791,0.0195999485188325,-0.0872745915153976,0.000979547895639852,0.0219033568186758,0.0899758403685451,500,0
tanh,0.5,FALSE,0.7,30,0.518055532701226,0.00185545414714833,0.0414892160215756,0.519710926668223,0.23234093033621,0.00123110212892347,0.0275282804751759,0.233962814402126,0.0445303598542546,0.000858599360292524,0.0191988653505192,0.0484851749160016,0.00722507843921338,0.00082122978796306,0.0183632563103314,0.0197164023697802,0.0873144559178025,0.00127329750617257,0.0284717977938282,0.0918304753080113,0.0411923636209244,0.000916930493499054,0.0205031891410631,0.0460038131474202,-0.0288563562340639,0.00106151559319119,0.0237362102555152,0.0373492992845467,-0.00492593118257023,0.000881034303719106,0.0197005259362512,0.0202879101618671,-0.0910795544487759,0.000987959482426121,0.0220914456172032,0.0937152129811722,500,0
tanh,1,FALSE,0.5,30,0.45036668381996,0.00154327946190356,0.0345087778509566,0.451684208194461,0.238816450592928,0.0012016362456202,0.0268694032943441,0.240320240465783,0.0444843269736592,0.000790028629831446,0.0176655772047413,0.0478571187916715,0.00881677521630131,0.000764923674082989,0.0171042133284846,0.0192277021657275,0.049022686197288,0.00111868636523029,0.0250145875815708,0.0550245571966744,0.0333733197789121,0.000829076391939226,0.0185387117091637,0.0381677211428365,-0.0272064235071933,0.00104249602968122,0.0233109198864084,0.0358120324476482,-0.00296281466856752,0.00080884525125872,0.018086329650924,0.0183095428769177,-0.0876600177799318,0.000926117008205827,0.0207086058546696,0.0900681263317337,500,0
tanh,1,FALSE,0.7,30,0.530201003270697,0.0018327611852466,0.0409817859673447,0.531779326071223,0.228851857247731,0.00122121011967972,0.0273070884241451,0.230472033639189,0.0467106865136646,0.000757857312823598,0.0169462046871889,0.0496838780709735,0.00900874728650214,0.000736261602116237,0.0164633099155481,0.0187524936981909,0.0923440756981993,0.00117289846535907,0.0262268069924806,0.095989051619263,0.0436332883718191,0.000797869971333942,0.017840914931085,0.0471330616788829,-0.0260305795053676,0.00100606700928909,0.0224963422269031,0.0343898867713755,-0.0023671187679235,0.000783741812360558,0.0175249996924709,0.0176667658119453,-0.0881862901539888,0.000901452884485589,0.0201570992822304,0.090456165103846,500,0
tanh,2,FALSE,0.5,30,0.474960591279199,0.00160915655661028,0.0359818344702008,0.476318870395981,0.2279214335235,0.00117997175118046,0.0263849704716897,0.229440524303937,0.0478912486590635,0.000828964194722208,0.0185362029031223,0.0513466195046357,0.00995651420380295,0.000808177284018573,0.0180713934493668,0.0206168447093619,0.0546904402753043,0.00114147425566009,0.0255241403022194,0.0603425474453778,0.0356046682174038,0.000898704083619397,0.0200956342262963,0.0408744326541492,-0.0260464040529433,0.00102110725084152,0.0228326522519957,0.0346222834736825,-0.00121272118335625,0.00087260238408199,0.0195119824813571,0.0195301489523414,-0.0866691518777901,0.00101790662863796,0.0227610841638211,0.0896023030151758,500,0
tanh,2,FALSE,0.7,30,0.549452051261294,0.00185768181612629,0.0415390282142366,0.551016874985237,0.21711074252628,0.00124825757050499,0.0279118878107789,0.218894015118075,0.0456679320004738,0.000856964313668049,0.0191623045965321,0.0495178709438853,0.00664113174813008,0.000842608186758354,0.0188412918398952,0.0199596823756223,0.0956067801715683,0.00128843715617245,0.0288103306593812,0.0998450374188526,0.0416151778978704,0.000917039949739548,0.0205056366570062,0.0463838679274502,-0.0289508885051425,0.00112965385916444,0.0252598282013665,0.0384049052616749,-0.00490110187069548,0.000909524228807845,0.0203375800279741,0.0209000173832081,-0.0909009351739094,0.000989575160341262,0.0221275732736832,0.093550148345556,500,0
