"example","cell","graph","procedure","quantity","expected_from_algebra","computed_output","abs_error","tolerance","field_status","check_status"
"E1","E1-central","known_class","P","beta_B",1,1,0,2e-10,"reportado","PASS"
"E1","E1-central","known_class","Cplus","beta_B",1,1,0,2e-10,"reportado","PASS"
"E1","E1-central","known_class","C0","beta_B",1,1,0,2e-10,"reportado","PASS"
"E1","E1-central","known_class","P","beta_C",1,1,0,2e-10,"reportado","PASS"
"E1","E1-central","known_class","Cplus","beta_C",1,1,0,2e-10,"reportado","PASS"
"E1","E1-central","known_class","C0","beta_C",1,1,0,2e-10,"reportado","PASS"
"E1","E1-central","known_class","P","beta_U",0.5,0.5,0,1.5e-10,"reportado","PASS"
"E1","E1-central","known_class","Cplus","beta_U",0.5,0.5,0,1.5e-10,"reportado","PASS"
"E1","E1-central","known_class","C0","beta_U",0.5,,,,"campo_nao_reportado","nao_pontuado"
"E1","E1-central","known_class","P","d_add",-0.5,-0.5,0,1.5e-10,"reportado","PASS"
"E1","E1-central","known_class","Cplus","d_add",-0.5,-0.5,0,1.5e-10,"reportado","PASS"
"E1","E1-central","known_class","C0","d_add",-0.5,,,,"campo_nao_reportado","nao_pontuado"
"E1","E1-central","known_class","P","d_lag",-0.5,-0.5,0,1.5e-10,"reportado","PASS"
"E1","E1-central","known_class","Cplus","d_lag",-0.5,-0.5,0,1.5e-10,"reportado","PASS"
"E1","E1-central","known_class","C0","d_lag",-0.5,,,,"campo_nao_reportado","nao_pontuado"
"E1","E1-central","known_class","P","signed_removal",0.5,0.5,0,1.5e-10,"reportado","PASS"
"E1","E1-central","known_class","Cplus","signed_removal",0.5,0.5,0,1.5e-10,"reportado","PASS"
"E1","E1-central","known_class","C0","signed_removal",0.5,,,,"campo_nao_reportado","nao_pontuado"
"E1","E1-central","known_class","P","d_total",0,0,0,1e-10,"reportado","PASS"
"E1","E1-central","known_class","Cplus","d_total",0,0,0,1e-10,"reportado","PASS"
"E1","E1-central","known_class","C0","d_total",0,0,0,1e-10,"reportado","PASS"
"E1","E1-central","known_class","Cplus","theta_Z_U",0.5,0.5,0,1.5e-10,"reportado","PASS"
"E1","E1-central","known_class","Cplus","pi_Z_given_L",1,1,0,2e-10,"reportado","PASS"
"E1","E1-central","known_class","Cplus","theta_L_U",1,1,0,2e-10,"reportado","PASS"
"E1","E1-central","known_class","Cplus","pi_L_given_Z",0.5,0.5,0,1.5e-10,"reportado","PASS"
"E1","E1-menos","known_class","P","beta_B",1,1,4.44089209850063e-16,2e-10,"reportado","PASS"
"E1","E1-menos","known_class","Cplus","beta_B",1,1,4.44089209850063e-16,2e-10,"reportado","PASS"
"E1","E1-menos","known_class","C0","beta_B",1,1,4.44089209850063e-16,2e-10,"reportado","PASS"
"E1","E1-menos","known_class","P","beta_C",0.9,0.9,1.11022302462516e-16,1.9e-10,"reportado","PASS"
"E1","E1-menos","known_class","Cplus","beta_C",0.9,0.9,1.11022302462516e-16,1.9e-10,"reportado","PASS"
"E1","E1-menos","known_class","C0","beta_C",0.9,0.9,1.11022302462516e-16,1.9e-10,"reportado","PASS"
"E1","E1-menos","known_class","P","beta_U",0.5,0.5,4.44089209850063e-16,1.5e-10,"reportado","PASS"
"E1","E1-menos","known_class","Cplus","beta_U",0.5,0.5,4.44089209850063e-16,1.5e-10,"reportado","PASS"
"E1","E1-menos","known_class","C0","beta_U",0.5,,,,"campo_nao_reportado","nao_pontuado"
"E1","E1-menos","known_class","P","d_add",-0.5,-0.5,0,1.5e-10,"reportado","PASS"
"E1","E1-menos","known_class","Cplus","d_add",-0.5,-0.5,0,1.5e-10,"reportado","PASS"
"E1","E1-menos","known_class","C0","d_add",-0.5,,,,"campo_nao_reportado","nao_pontuado"
"E1","E1-menos","known_class","P","d_lag",-0.4,-0.4,3.33066907387547e-16,1.4e-10,"reportado","PASS"
"E1","E1-menos","known_class","Cplus","d_lag",-0.4,-0.4,3.33066907387547e-16,1.4e-10,"reportado","PASS"
"E1","E1-menos","known_class","C0","d_lag",-0.4,,,,"campo_nao_reportado","nao_pontuado"
"E1","E1-menos","known_class","P","signed_removal",0.4,0.4,3.33066907387547e-16,1.4e-10,"reportado","PASS"
"E1","E1-menos","known_class","Cplus","signed_removal",0.4,0.4,3.33066907387547e-16,1.4e-10,"reportado","PASS"
"E1","E1-menos","known_class","C0","signed_removal",0.4,,,,"campo_nao_reportado","nao_pontuado"
"E1","E1-menos","known_class","P","d_total",-0.1,-0.0999999999999996,3.33066907387547e-16,1.1e-10,"reportado","PASS"
"E1","E1-menos","known_class","Cplus","d_total",-0.1,-0.0999999999999996,3.33066907387547e-16,1.1e-10,"reportado","PASS"
"E1","E1-menos","known_class","C0","d_total",-0.1,-0.0999999999999996,3.33066907387547e-16,1.1e-10,"reportado","PASS"
"E1","E1-menos","known_class","Cplus","theta_Z_U",0.5,0.5,0,1.5e-10,"reportado","PASS"
"E1","E1-menos","known_class","Cplus","pi_Z_given_L",1,1,0,2e-10,"reportado","PASS"
"E1","E1-menos","known_class","Cplus","theta_L_U",0.8,0.800000000000001,6.66133814775094e-16,1.8e-10,"reportado","PASS"
"E1","E1-menos","known_class","Cplus","pi_L_given_Z",0.5,0.5,0,1.5e-10,"reportado","PASS"
"E1","E1-mais","known_class","P","beta_B",1,1,4.44089209850063e-16,2e-10,"reportado","PASS"
"E1","E1-mais","known_class","Cplus","beta_B",1,1,4.44089209850063e-16,2e-10,"reportado","PASS"
"E1","E1-mais","known_class","C0","beta_B",1,1,4.44089209850063e-16,2e-10,"reportado","PASS"
"E1","E1-mais","known_class","P","beta_C",1.1,1.1,0,2.1e-10,"reportado","PASS"
"E1","E1-mais","known_class","Cplus","beta_C",1.1,1.1,0,2.1e-10,"reportado","PASS"
"E1","E1-mais","known_class","C0","beta_C",1.1,1.1,0,2.1e-10,"reportado","PASS"
"E1","E1-mais","known_class","P","beta_U",0.5,0.5,4.44089209850063e-16,1.5e-10,"reportado","PASS"
"E1","E1-mais","known_class","Cplus","beta_U",0.5,0.5,4.44089209850063e-16,1.5e-10,"reportado","PASS"
"E1","E1-mais","known_class","C0","beta_U",0.5,,,,"campo_nao_reportado","nao_pontuado"
"E1","E1-mais","known_class","P","d_add",-0.5,-0.5,0,1.5e-10,"reportado","PASS"
"E1","E1-mais","known_class","Cplus","d_add",-0.5,-0.5,0,1.5e-10,"reportado","PASS"
"E1","E1-mais","known_class","C0","d_add",-0.5,,,,"campo_nao_reportado","nao_pontuado"
"E1","E1-mais","known_class","P","d_lag",-0.6,-0.6,3.33066907387547e-16,1.6e-10,"reportado","PASS"
"E1","E1-mais","known_class","Cplus","d_lag",-0.6,-0.6,3.33066907387547e-16,1.6e-10,"reportado","PASS"
"E1","E1-mais","known_class","C0","d_lag",-0.6,,,,"campo_nao_reportado","nao_pontuado"
"E1","E1-mais","known_class","P","signed_removal",0.6,0.6,3.33066907387547e-16,1.6e-10,"reportado","PASS"
"E1","E1-mais","known_class","Cplus","signed_removal",0.6,0.6,3.33066907387547e-16,1.6e-10,"reportado","PASS"
"E1","E1-mais","known_class","C0","signed_removal",0.6,,,,"campo_nao_reportado","nao_pontuado"
"E1","E1-mais","known_class","P","d_total",0.1,0.0999999999999996,3.33066907387547e-16,1.1e-10,"reportado","PASS"
"E1","E1-mais","known_class","Cplus","d_total",0.1,0.0999999999999996,3.33066907387547e-16,1.1e-10,"reportado","PASS"
"E1","E1-mais","known_class","C0","d_total",0.1,0.0999999999999996,3.33066907387547e-16,1.1e-10,"reportado","PASS"
"E1","E1-mais","known_class","Cplus","theta_Z_U",0.5,0.5,0,1.5e-10,"reportado","PASS"
"E1","E1-mais","known_class","Cplus","pi_Z_given_L",1,1,0,2e-10,"reportado","PASS"
"E1","E1-mais","known_class","Cplus","theta_L_U",1.2,1.2,6.66133814775094e-16,2.2e-10,"reportado","PASS"
"E1","E1-mais","known_class","Cplus","pi_L_given_Z",0.5,0.5,0,1.5e-10,"reportado","PASS"
"E1","E1-nulo","known_class","P","beta_B",1,1,0,2e-10,"reportado","PASS"
"E1","E1-nulo","known_class","Cplus","beta_B",1,1,0,2e-10,"reportado","PASS"
"E1","E1-nulo","known_class","C0","beta_B",1,1,0,2e-10,"reportado","PASS"
"E1","E1-nulo","known_class","P","beta_C",1,1,0,2e-10,"reportado","PASS"
"E1","E1-nulo","known_class","Cplus","beta_C",1,1,0,2e-10,"reportado","PASS"
"E1","E1-nulo","known_class","C0","beta_C",1,1,0,2e-10,"reportado","PASS"
"E1","E1-nulo","known_class","P","beta_U",1,1,0,2e-10,"reportado","PASS"
"E1","E1-nulo","known_class","Cplus","beta_U",1,1,0,2e-10,"reportado","PASS"
"E1","E1-nulo","known_class","C0","beta_U",1,,,,"campo_nao_reportado","nao_pontuado"
"E1","E1-nulo","known_class","P","d_add",0,0,0,1e-10,"reportado","PASS"
"E1","E1-nulo","known_class","Cplus","d_add",0,0,0,1e-10,"reportado","PASS"
"E1","E1-nulo","known_class","C0","d_add",0,,,,"campo_nao_reportado","nao_pontuado"
"E1","E1-nulo","known_class","P","d_lag",0,0,0,1e-10,"reportado","PASS"
"E1","E1-nulo","known_class","Cplus","d_lag",0,0,0,1e-10,"reportado","PASS"
"E1","E1-nulo","known_class","C0","d_lag",0,,,,"campo_nao_reportado","nao_pontuado"
"E1","E1-nulo","known_class","P","signed_removal",0,0,0,1e-10,"reportado","PASS"
"E1","E1-nulo","known_class","Cplus","signed_removal",0,0,0,1e-10,"reportado","PASS"
"E1","E1-nulo","known_class","C0","signed_removal",0,,,,"campo_nao_reportado","nao_pontuado"
"E1","E1-nulo","known_class","P","d_total",0,0,0,1e-10,"reportado","PASS"
"E1","E1-nulo","known_class","Cplus","d_total",0,0,0,1e-10,"reportado","PASS"
"E1","E1-nulo","known_class","C0","d_total",0,0,0,1e-10,"reportado","PASS"
"E1","E1-nulo","known_class","Cplus","theta_Z_U",0,0,0,1e-10,"reportado","PASS"
"E1","E1-nulo","known_class","Cplus","pi_Z_given_L",1,1,0,2e-10,"reportado","PASS"
"E1","E1-nulo","known_class","Cplus","theta_L_U",0,0,0,1e-10,"reportado","PASS"
"E1","E1-nulo","known_class","Cplus","pi_L_given_Z",0.5,0.5,0,1.5e-10,"reportado","PASS"
"E2","G_M","G_M","P","beta_S",2,2,0,3e-10,"reportado","PASS"
"E2","G_M","G_M","Cplus","beta_S",2,2,0,3e-10,"reportado","PASS"
"E2","G_M","G_M","C0","beta_S",2,2,0,3e-10,"reportado","PASS"
"E2","G_M","G_M","P","beta_T",1,1,0,2e-10,"reportado","PASS"
"E2","G_M","G_M","Cplus","beta_T",1,1,0,2e-10,"reportado","PASS"
"E2","G_M","G_M","C0","beta_T",1,1,0,2e-10,"reportado","PASS"
"E2","G_M","G_M","Cplus","theta_Z_T",1,1,0,2e-10,"reportado","PASS"
"E2","G_M","G_M","C0","theta_Z_T",1,,,,"campo_nao_reportado","nao_pontuado"
"E2","G_M","G_M","Cplus","pi_Z",1,1,0,2e-10,"reportado","PASS"
"E2","G_M","G_M","C0","pi_Z",1,,,,"campo_nao_reportado","nao_pontuado"
"E2","G_M","G_M","P","delta",-1,-1,0,2e-10,"reportado","PASS"
"E2","G_M","G_M","Cplus","delta",-1,-1,0,2e-10,"reportado","PASS"
"E2","G_M","G_M","C0","delta",-1,-1,0,2e-10,"reportado","PASS"
"E2","G_F","G_F","P","beta_S",2,2,0,3e-10,"reportado","PASS"
"E2","G_F","G_F","Cplus","beta_S",2,2,0,3e-10,"reportado","PASS"
"E2","G_F","G_F","C0","beta_S",2,2,0,3e-10,"reportado","PASS"
"E2","G_F","G_F","P","beta_T",1,1,2.22044604925031e-16,2e-10,"reportado","PASS"
"E2","G_F","G_F","Cplus","beta_T",1,1,2.22044604925031e-16,2e-10,"reportado","PASS"
"E2","G_F","G_F","C0","beta_T",1,1,2.22044604925031e-16,2e-10,"reportado","PASS"
"E2","G_F","G_F","Cplus","theta_Z_T",1,1,2.22044604925031e-16,2e-10,"reportado","PASS"
"E2","G_F","G_F","C0","theta_Z_T",1,,,,"campo_nao_reportado","nao_pontuado"
"E2","G_F","G_F","Cplus","pi_Z",1,1,0,2e-10,"reportado","PASS"
"E2","G_F","G_F","C0","pi_Z",1,,,,"campo_nao_reportado","nao_pontuado"
"E2","G_F","G_F","P","delta",-1,-1,2.22044604925031e-16,2e-10,"reportado","PASS"
"E2","G_F","G_F","Cplus","delta",-1,-1,2.22044604925031e-16,2e-10,"reportado","PASS"
"E2","G_F","G_F","C0","delta",-1,-1,2.22044604925031e-16,2e-10,"reportado","PASS"
