"example","cell","graph","procedure","contrast","parameter","derivative","theta_or_pi_estimates"
"E1","E1-central","known_class","P","d_add","B::D",-1,"theta_Z=0.5;pi_Z=1;theta_L=1;pi_L=0.5"
"E1","E1-central","known_class","P","d_total","B::D",-1,"theta_Z=0.5;pi_Z=1;theta_L=1;pi_L=0.5"
"E1","E1-central","known_class","P","d_lag","C::D",-1,"theta_Z=0.5;pi_Z=1;theta_L=1;pi_L=0.5"
"E1","E1-central","known_class","P","d_total","C::D",1,"theta_Z=0.5;pi_Z=1;theta_L=1;pi_L=0.5"
"E1","E1-central","known_class","P","d_add","U::D",1,"theta_Z=0.5;pi_Z=1;theta_L=1;pi_L=0.5"
"E1","E1-central","known_class","P","d_lag","U::D",1,"theta_Z=0.5;pi_Z=1;theta_L=1;pi_L=0.5"
"E1","E1-central","known_class","Cplus_product","d_lag","U::L",-0.5,"theta_Z=0.5;pi_Z=1;theta_L=1;pi_L=0.5"
"E1","E1-central","known_class","Cplus_product","d_total","U::L",0.5,"theta_Z=0.5;pi_Z=1;theta_L=1;pi_L=0.5"
"E1","E1-central","known_class","Cplus_product","d_add","U::Z",-1,"theta_Z=0.5;pi_Z=1;theta_L=1;pi_L=0.5"
"E1","E1-central","known_class","Cplus_product","d_total","U::Z",-1,"theta_Z=0.5;pi_Z=1;theta_L=1;pi_L=0.5"
"E1","E1-central","known_class","Cplus_product","d_add","aux_Z::D",-0.5,"theta_Z=0.5;pi_Z=1;theta_L=1;pi_L=0.5"
"E1","E1-central","known_class","Cplus_product","d_total","aux_Z::D",-0.5,"theta_Z=0.5;pi_Z=1;theta_L=1;pi_L=0.5"
"E1","E1-central","known_class","Cplus_product","d_lag","aux_L::D",-1,"theta_Z=0.5;pi_Z=1;theta_L=1;pi_L=0.5"
"E1","E1-central","known_class","Cplus_product","d_total","aux_L::D",1,"theta_Z=0.5;pi_Z=1;theta_L=1;pi_L=0.5"
"E1","E1-menos","known_class","P","d_add","B::D",-1,"theta_Z=0.5;pi_Z=1;theta_L=0.80000000000000071;pi_L=0.5"
"E1","E1-menos","known_class","P","d_total","B::D",-1,"theta_Z=0.5;pi_Z=1;theta_L=0.80000000000000071;pi_L=0.5"
"E1","E1-menos","known_class","P","d_lag","C::D",-1,"theta_Z=0.5;pi_Z=1;theta_L=0.80000000000000071;pi_L=0.5"
"E1","E1-menos","known_class","P","d_total","C::D",1,"theta_Z=0.5;pi_Z=1;theta_L=0.80000000000000071;pi_L=0.5"
"E1","E1-menos","known_class","P","d_add","U::D",1,"theta_Z=0.5;pi_Z=1;theta_L=0.80000000000000071;pi_L=0.5"
"E1","E1-menos","known_class","P","d_lag","U::D",1,"theta_Z=0.5;pi_Z=1;theta_L=0.80000000000000071;pi_L=0.5"
"E1","E1-menos","known_class","Cplus_product","d_lag","U::L",-0.5,"theta_Z=0.5;pi_Z=1;theta_L=0.80000000000000071;pi_L=0.5"
"E1","E1-menos","known_class","Cplus_product","d_total","U::L",0.5,"theta_Z=0.5;pi_Z=1;theta_L=0.80000000000000071;pi_L=0.5"
"E1","E1-menos","known_class","Cplus_product","d_add","U::Z",-1,"theta_Z=0.5;pi_Z=1;theta_L=0.80000000000000071;pi_L=0.5"
"E1","E1-menos","known_class","Cplus_product","d_total","U::Z",-1,"theta_Z=0.5;pi_Z=1;theta_L=0.80000000000000071;pi_L=0.5"
"E1","E1-menos","known_class","Cplus_product","d_add","aux_Z::D",-0.5,"theta_Z=0.5;pi_Z=1;theta_L=0.80000000000000071;pi_L=0.5"
"E1","E1-menos","known_class","Cplus_product","d_total","aux_Z::D",-0.5,"theta_Z=0.5;pi_Z=1;theta_L=0.80000000000000071;pi_L=0.5"
"E1","E1-menos","known_class","Cplus_product","d_lag","aux_L::D",-0.800000000000001,"theta_Z=0.5;pi_Z=1;theta_L=0.80000000000000071;pi_L=0.5"
"E1","E1-menos","known_class","Cplus_product","d_total","aux_L::D",0.800000000000001,"theta_Z=0.5;pi_Z=1;theta_L=0.80000000000000071;pi_L=0.5"
"E1","E1-mais","known_class","P","d_add","B::D",-1,"theta_Z=0.5;pi_Z=1;theta_L=1.1999999999999993;pi_L=0.5"
"E1","E1-mais","known_class","P","d_total","B::D",-1,"theta_Z=0.5;pi_Z=1;theta_L=1.1999999999999993;pi_L=0.5"
"E1","E1-mais","known_class","P","d_lag","C::D",-1,"theta_Z=0.5;pi_Z=1;theta_L=1.1999999999999993;pi_L=0.5"
"E1","E1-mais","known_class","P","d_total","C::D",1,"theta_Z=0.5;pi_Z=1;theta_L=1.1999999999999993;pi_L=0.5"
"E1","E1-mais","known_class","P","d_add","U::D",1,"theta_Z=0.5;pi_Z=1;theta_L=1.1999999999999993;pi_L=0.5"
"E1","E1-mais","known_class","P","d_lag","U::D",1,"theta_Z=0.5;pi_Z=1;theta_L=1.1999999999999993;pi_L=0.5"
"E1","E1-mais","known_class","Cplus_product","d_lag","U::L",-0.5,"theta_Z=0.5;pi_Z=1;theta_L=1.1999999999999993;pi_L=0.5"
"E1","E1-mais","known_class","Cplus_product","d_total","U::L",0.5,"theta_Z=0.5;pi_Z=1;theta_L=1.1999999999999993;pi_L=0.5"
"E1","E1-mais","known_class","Cplus_product","d_add","U::Z",-1,"theta_Z=0.5;pi_Z=1;theta_L=1.1999999999999993;pi_L=0.5"
"E1","E1-mais","known_class","Cplus_product","d_total","U::Z",-1,"theta_Z=0.5;pi_Z=1;theta_L=1.1999999999999993;pi_L=0.5"
"E1","E1-mais","known_class","Cplus_product","d_add","aux_Z::D",-0.5,"theta_Z=0.5;pi_Z=1;theta_L=1.1999999999999993;pi_L=0.5"
"E1","E1-mais","known_class","Cplus_product","d_total","aux_Z::D",-0.5,"theta_Z=0.5;pi_Z=1;theta_L=1.1999999999999993;pi_L=0.5"
"E1","E1-mais","known_class","Cplus_product","d_lag","aux_L::D",-1.2,"theta_Z=0.5;pi_Z=1;theta_L=1.1999999999999993;pi_L=0.5"
"E1","E1-mais","known_class","Cplus_product","d_total","aux_L::D",1.2,"theta_Z=0.5;pi_Z=1;theta_L=1.1999999999999993;pi_L=0.5"
"E1","E1-nulo","known_class","P","d_add","B::D",-1,"theta_Z=0;pi_Z=1;theta_L=0;pi_L=0.5"
"E1","E1-nulo","known_class","P","d_total","B::D",-1,"theta_Z=0;pi_Z=1;theta_L=0;pi_L=0.5"
"E1","E1-nulo","known_class","P","d_lag","C::D",-1,"theta_Z=0;pi_Z=1;theta_L=0;pi_L=0.5"
"E1","E1-nulo","known_class","P","d_total","C::D",1,"theta_Z=0;pi_Z=1;theta_L=0;pi_L=0.5"
"E1","E1-nulo","known_class","P","d_add","U::D",1,"theta_Z=0;pi_Z=1;theta_L=0;pi_L=0.5"
"E1","E1-nulo","known_class","P","d_lag","U::D",1,"theta_Z=0;pi_Z=1;theta_L=0;pi_L=0.5"
"E1","E1-nulo","known_class","Cplus_product","d_lag","U::L",-0.5,"theta_Z=0;pi_Z=1;theta_L=0;pi_L=0.5"
"E1","E1-nulo","known_class","Cplus_product","d_total","U::L",0.5,"theta_Z=0;pi_Z=1;theta_L=0;pi_L=0.5"
"E1","E1-nulo","known_class","Cplus_product","d_add","U::Z",-1,"theta_Z=0;pi_Z=1;theta_L=0;pi_L=0.5"
"E1","E1-nulo","known_class","Cplus_product","d_total","U::Z",-1,"theta_Z=0;pi_Z=1;theta_L=0;pi_L=0.5"
"E2","G_M","G_M","P","delta","S::D",-1,"theta_Z=1;pi_Z=1"
"E2","G_M","G_M","P","delta","T::D",1,"theta_Z=1;pi_Z=1"
"E2","G_M","G_M","Cplus_product","delta","T::Z",-1,"theta_Z=1;pi_Z=1"
"E2","G_M","G_M","Cplus_product","delta","aux_Z::D",-1,"theta_Z=1;pi_Z=1"
"E2","G_F","G_F","P","delta","S::D",-1,"theta_Z=0.99999999999999978;pi_Z=1"
"E2","G_F","G_F","P","delta","T::D",1,"theta_Z=0.99999999999999978;pi_Z=1"
"E2","G_F","G_F","Cplus_product","delta","T::Z",-1,"theta_Z=0.99999999999999978;pi_Z=1"
"E2","G_F","G_F","Cplus_product","delta","aux_Z::D",-1,"theta_Z=0.99999999999999978;pi_Z=1"
