mechanism,nl_type,nl_str,lambda,delta_H,delta_Y,rho_Z,gamma_nl,twfe_s_mean,twfe_s_bias,twfe_s_mcse,twfe_s_rmse,twfe_l_mean,twfe_l_bias,twfe_l_mcse,twfe_l_rmse,adl_Ylag_mean,adl_Ylag_bias,adl_Ylag_mcse,adl_Ylag_rmse,adl_full_mean,adl_full_bias,adl_full_mcse,adl_full_rmse,adl_Dlag_mean,adl_Dlag_bias,adl_Dlag_mcse,adl_Dlag_rmse,adl_DYlag_mean,adl_DYlag_bias,adl_DYlag_mcse,adl_DYlag_rmse,adl_DZlag_mean,adl_DZlag_bias,adl_DZlag_mcse,adl_DZlag_rmse,adl_all_mean,adl_all_bias,adl_all_mcse,adl_all_rmse,adl_all_nofe_mean,adl_all_nofe_bias,adl_all_nofe_mcse,adl_all_nofe_rmse,n_sims,n_discarded
A,power1.5,0.5,0,0,0,0.5,0.08485737883728,1.41383682058239,0.413836820582394,0.00151521629491828,0.415218687440145,1.29234617394973,0.292346173949733,0.00131850871587096,0.293826104311253,1.06707601458066,0.0670760145806599,0.000823773926055098,0.0695544022270897,1.00833775960385,0.00833775960385075,0.000796111733431162,0.0196413183715576,1.05658513533796,0.0565851353379629,0.00109708871399532,0.0616642178313904,1.0598508103354,0.0598508103353967,0.000860129601464426,0.0628592963731697,0.976201009969382,-0.0237989900306184,0.00104575112526992,0.0333481039800334,0.997441955800782,-0.00255804419921801,0.000833326524896505,0.0187900427241691,0.931234507517851,-0.0687654924821493,0.000904735857984186,0.0716738996825274,500,0
A,power1.5,0.5,0,0,0,0.7,0.08485737883728,1.51580337927965,0.515803379279651,0.0017408042801541,0.517267141279694,1.29788368110041,0.29788368110041,0.00133111670710482,0.29936407840322,1.08009644461671,0.0800964446167134,0.000874709523616368,0.0824453376416163,1.00929347270673,0.00929347270672909,0.000783348520434202,0.0198134412023625,1.11370608857001,0.113706088570012,0.00122241630583666,0.116939005847725,1.0856834553182,0.0856834553182006,0.000932038866521663,0.0881767205285549,0.97794806189143,-0.0220519381085701,0.00106839720394265,0.0324943501928421,0.99996440063863,-3.55993613697647e-05,0.000856202642016244,0.0191261513757508,0.939244213358943,-0.0607557866410574,0.00097247045226345,0.0645226262783522,500,0
A,power1.5,0.5,0,0,0.1,0.5,0.08485737883728,1.52800744199656,0.528007441996561,0.00188808545186358,0.529689274267327,1.25499979665329,0.254999796653287,0.00130134405349761,0.25665141918497,1.06565760241706,0.0656576024170574,0.000881796335150498,0.0685487095336018,1.0094310645879,0.0094310645879041,0.000810739004524949,0.0204190241749407,1.09402425404972,0.0940242540497227,0.00124986586018404,0.0980820091513482,1.0658664372626,0.0658664372626006,0.000892185613086977,0.068815617025495,0.971438630108236,-0.0285613698917643,0.00106719492790832,0.0372030301475114,0.999342971534082,-0.000657028465917531,0.000832859046497181,0.0186162597714952,0.914725064523729,-0.085274935476271,0.000967086607143604,0.0879687877422141,500,0
A,power1.5,0.5,0,0,0.1,0.7,0.08485737883728,1.85041769314852,0.850417693148516,0.0429704627714737,1.28169718220637,1.22997739616371,0.229977396163706,0.00378617366662971,0.245007118347836,1.05225066642027,0.052250666420266,0.00552228945700812,0.133854328294454,0.993477666083981,-0.0065223339160192,0.00215267277382601,0.0484796129847959,1.2828067769934,0.282806776993403,0.0347515041229358,0.825468266161089,1.09171785538052,0.0917178553805198,0.00215480156683617,0.103558985859446,0.96823058616785,-0.0317694138321499,0.00176809845081843,0.0506569775733618,0.997952381550123,-0.002047618449877,0.000844537362237701,0.0189575297101588,0.900165439982326,-0.0998345600176744,0.00216206850880824,0.11088219159017,499,1
A,power1.5,1,0,0,0,0.5,0.16971475767456,1.46460463015689,0.464604630156888,0.00172878889252987,0.466206852340945,1.3023515417668,0.302351541766799,0.00144674259513549,0.304073829542947,1.08639582508338,0.0863958250833845,0.00093704878417174,0.0888953921380277,1.00853392828111,0.00853392828111366,0.000836196901503901,0.0205363418283654,1.08881275610045,0.0888127561004528,0.00129838478176934,0.0934286966829897,1.08513051591534,0.0851305159153373,0.000978092330108276,0.0878895919805844,0.977278218849314,-0.0227217811506858,0.00115998833782536,0.0344633172759268,0.998454662072122,-0.00154533792787781,0.000874314865860935,0.0195917555405171,0.938911403256707,-0.0610885967432933,0.001007862318977,0.0651052539555568,500,0
A,power1.5,1,0,0,0,0.7,0.16971475767456,1.60011911837495,0.600119118374948,0.00195985483001827,0.601713910995536,1.30422611912569,0.304226119125686,0.00137183805648346,0.305765628292703,1.09490179328752,0.094901793287516,0.000923063666062213,0.0971160212758787,1.00497729310065,0.00497729310064843,0.000793062916635936,0.0184016002752904,1.16644156552738,0.166441565527375,0.00145374926463221,0.169579995313387,1.11599273041527,0.115992730415273,0.000954325285589577,0.117935453311536,0.975410403424609,-0.0245895965753912,0.00119270747764327,0.0362560515255915,0.998435373581044,-0.00156462641895649,0.000863541343107502,0.0193534022282284,0.947402880157798,-0.0525971198422021,0.00101090504394814,0.0572398426852047,500,0
A,power1.5,1,0,0,0.1,0.5,0.16971475767456,1.64226040672789,0.642260406727885,0.00226782826336488,0.644255236316551,1.25504549125206,0.255045491252061,0.00138857030546403,0.25692477153268,1.08171524978186,0.0817152497818618,0.000930545959553247,0.0843176969713338,1.00370772144122,0.00370772144122444,0.000834299799489421,0.0190020846183867,1.14767990106325,0.147679901063254,0.00152637106735293,0.151564928948102,1.09463732235979,0.0946373223597909,0.00096624648121188,0.0970675294956852,0.964935221849837,-0.0350647781501633,0.00117509257450957,0.0438015879106599,0.997400182121323,-0.00259981787867714,0.000874007377524528,0.0196961826781225,0.913988310655257,-0.0860116893447433,0.00100669685964236,0.0889028489362198,500,0
A,power1.5,2,0,0,0,0.5,0.33942951534912,1.55880076821141,0.558800768211408,0.00189721572613656,0.560405578917535,1.31672434901015,0.316724349010148,0.0014698714191227,0.318421754483406,1.11708467753271,0.117084677532708,0.00100095874592055,0.119200583052453,1.00633729225051,0.00633729225050805,0.000742508491163801,0.0177558267600828,1.15029449210465,0.150294492104651,0.00145495452489048,0.153768539692211,1.13027115064454,0.130271150644539,0.00104106968945388,0.132330653717511,0.978717868065649,-0.0212821319343507,0.00116108871838454,0.0335506262033823,0.999247521741383,-0.000752478258617462,0.000803343012580404,0.0179610929919287,0.950502721640566,-0.0494972783594337,0.000995473544892634,0.0542630020060008,500,0
A,power1.5,2,0,0,0,0.7,0.33942951534912,1.78205601177777,0.782056011777774,0.00286820641127764,0.784676164387951,1.32441476813045,0.324414768130448,0.00169006755437392,0.32660411758269,1.12681189223118,0.126811892231182,0.00118459038778139,0.129543351625153,0.998923030580276,-0.00107696941972413,0.000844963097504066,0.0189057456495826,1.28168939875169,0.281689398751692,0.00197179165441563,0.285112277131261,1.17609222826897,0.176092228268974,0.00118321058275747,0.178064781781867,0.974634882609405,-0.0253651173905953,0.00134918450007006,0.0393918556181109,0.998766698471689,-0.00123330152831069,0.000881373571196177,0.019726984039363,0.962569155207867,-0.037430844792133,0.00103289673092195,0.0439708891719353,500,0
A,power1.5,2,0,0,0.1,0.5,0.33942951534912,11.2713893044621,10.271389304462,4.33448067062356,22.7778694634073,0.0477293611285264,-0.952270638871474,0.788878353226525,3.82074058342402,-0.435282859516796,-1.4352828595168,0.972782246987801,4.78317399725587,0.42056860493508,-0.57943139506492,0.295760033044669,1.50338573852878,10.8766205043153,9.87662050431531,4.83150847065583,24.7205190647503,0.589063538947415,-0.410936461052585,0.406697034850288,1.95133884665241,0.974151816622727,-0.0258481833772731,0.13776567472164,0.646695069934118,0.990157217952645,-0.00984278204735478,0.0471568458012256,0.221404107208254,1.2438249994253,0.243824999425301,0.235332793489343,1.13041768897948,23,477
A,quadratic,0.1,0,0,0,0.5,0.0144015494862673,1.36503177543587,0.365031775435873,0.00141824056701413,0.366403996736555,1.28451212101839,0.284512121018388,0.00132930706703375,0.286057526711563,1.04573287133632,0.0457328713363181,0.000819488628501238,0.0492605802358579,1.00811602605827,0.00811602605826822,0.000805569477485647,0.0197406187421692,1.02572968974559,0.0257296897455868,0.00107106655102571,0.0351349047132688,1.03473988718258,0.0347398871825768,0.000890132907481372,0.0400279367611647,0.976228980518112,-0.0237710194818881,0.00102607689677622,0.0330215903986947,0.997136857916156,-0.00286314208384375,0.000871958251409646,0.019687378380596,0.925406245221818,-0.0745937547781824,0.000955836635216198,0.077589473930715,500,0
A,quadratic,0.1,0,0,0,0.7,0.0144015494862673,1.42292546725134,0.422925467251335,0.00149571751790382,0.424243207518458,1.28514859301194,0.28514859301194,0.00131721253227185,0.286662710298045,1.05356162967897,0.0535616296789661,0.000812084895613439,0.0565502398830523,1.00760280085716,0.0076028008571627,0.000798899620652802,0.0193980576916709,1.05434243003091,0.0543424300309094,0.00115913766985862,0.0601959813473395,1.04705871222104,0.0470587122210444,0.000853668267502048,0.0507756674191696,0.97526197374382,-0.0247380262561804,0.00108847735519125,0.0346868366456322,0.997351740463118,-0.00264825953688208,0.000841056593765615,0.0189735078290515,0.928164578183068,-0.0718354218169317,0.00094969789235925,0.0749025296295496,500,0
A,quadratic,0.1,0,0,0.1,0.5,0.0144015494862673,1.43093126729531,0.43093126729531,0.00154834454418402,0.432317065561454,1.24946886293494,0.249468862934937,0.00125523095362647,0.251039718655783,1.0418237163362,0.0418237163361987,0.000799622827482386,0.0454783705141251,1.0083237722747,0.00832377227470293,0.000780085457462378,0.0193117402642101,1.04660295645719,0.0466029564571888,0.00112152627430706,0.0529101910915772,1.03403287487859,0.0340328748785894,0.000859292962805948,0.0390728855610859,0.972295913763194,-0.0277040862368061,0.00102203428941079,0.0358991487990086,0.997598693728238,-0.00240130627176183,0.000828559853946701,0.0186637476452432,0.913344348855082,-0.0866556511449178,0.000934723571655236,0.0891357517772653,500,0
A,quadratic,0.1,0,0,0.1,0.7,0.0144015494862673,2.23511019348015,1.23511019348015,0.491258978441592,10.9443974389083,0.770746916675256,-0.229253083324744,0.418271364554558,9.26166911713632,0.603416170786278,-0.396583829213722,0.373969317097558,8.28765788974766,0.960155296533308,-0.0398447034666923,0.0227966554704719,0.506196084247649,2.13175456734153,1.13175456734153,0.790608437532427,17.5374200535443,0.833778484605762,-0.166221515394238,0.18358820188404,4.06729606114152,0.941735718003758,-0.0582642819962426,0.0272982807094475,0.607075637878442,0.986127200514997,-0.013872799485003,0.00875323409878831,0.194257090186599,0.948270703389084,-0.0517292966109156,0.0401494610986905,0.890250381140237,491,9
A,quadratic,0.2,0,0,0,0.5,0.0288030989725346,1.36460045992997,0.364600459929973,0.00133907610551393,0.365825456556143,1.28421009100503,0.284210091005029,0.00126823434442641,0.285618585856954,1.04695007115241,0.0469500711524131,0.000800926450300491,0.0502434999520668,1.00918758714354,0.00918758714354295,0.000790060949411794,0.0198968769687392,1.02685756567822,0.0268575656782202,0.0010363607492314,0.0354580962804139,1.03631612714422,0.0363161271442216,0.000874886854743475,0.0412408676927163,0.977465679319503,-0.0225343206804967,0.00101600760910029,0.0319827933105373,0.998683084111375,-0.00131691588862537,0.000859277170360747,0.0192399204248302,0.925838972891127,-0.0741610271088727,0.000973935930556728,0.0772863829471973,500,0
A,quadratic,0.2,0,0,0,0.7,0.0288030989725346,1.42403540691502,0.424035406915019,0.00152257511945819,0.425397256196825,1.28653794403654,0.286537944036544,0.00138915370863778,0.288213354370984,1.04989918411505,0.049899184115046,0.000816630422524528,0.0531291286734176,1.0046840345063,0.00468403450629906,0.000799165535679298,0.0184562805140031,1.05513959334944,0.0551395933494396,0.00107812837052196,0.0601696998963799,1.04674274540837,0.0467427454083651,0.00087850813729547,0.050695174774441,0.976870522654046,-0.0231294773459539,0.00103111489090736,0.032642127435328,0.998381960539191,-0.0016180394608093,0.000861327758668795,0.0193085193662173,0.926798891476339,-0.0732011085236607,0.000959214495383455,0.0762727239629047,500,0
A,quadratic,0.2,0,0,0.1,0.5,0.0288030989725346,1.43600416196201,0.436004161962006,0.00163540128970782,0.437531968432024,1.24991981825157,0.249919818251567,0.0012916491328276,0.251579859962162,1.03969705034671,0.0396970503467142,0.000811196657245791,0.0436373438075259,1.0052460593134,0.00524605931339695,0.000800239849791669,0.0186298862878918,1.0497791036639,0.0497791036639039,0.00111456554138718,0.0556582884956004,1.03521971925816,0.0352197192581596,0.0008587540412376,0.0401051171023248,0.973057496661241,-0.0269425033387596,0.00102210674868791,0.0353157880672377,0.99810188262279,-0.00189811737720957,0.000840083506476756,0.0188617936105491,0.911164670174741,-0.0888353298252593,0.000916070913943614,0.0911617770720272,500,0
A,quadratic,0.2,0,0,0.1,0.7,0.0288030989725346,5.08636189430369,4.08636189430369,2.91732279086713,8.23182769061002,0.981558225713998,-0.0184417742860021,0.209095184183327,0.512508414887768,0.680588270306238,-0.319411729693762,0.255638704940115,0.702944334813729,0.762676138946868,-0.237323861053132,0.150066051293738,0.43754032217675,4.18142335713372,3.18142335713372,2.61273024771098,7.14700011621236,0.963932268594824,-0.0360677314051758,0.0770752258526365,0.192209323109274,1.02187543610749,0.0218754361074889,0.0397955811163645,0.0999032750375468,1.00298503447007,0.00298503447006526,0.010222527553,0.0252172728148494,0.907337187021402,-0.0926628129785977,0.0406299347356005,0.135982155038158,7,493
A,quadratic,0.3,0,0,0,0.5,0.0432046484588019,1.36794352257558,0.367943522575581,0.00140937683875912,0.36928799195082,1.2877305225873,0.287730522587295,0.00137330288677721,0.28936127604943,1.04612873641869,0.0461287364186858,0.000810335078480289,0.0495532556988237,1.00863672951619,0.00863672951619243,0.0008169033723448,0.0201888911406812,1.02765727819016,0.0276572781901552,0.00107373053189534,0.0366090257613424,1.03572950648872,0.0357295064887153,0.000864452001911073,0.0406139014189423,0.978585960579348,-0.0214140394206518,0.00106174515220387,0.0319544232564947,0.99847912620582,-0.00152087379417976,0.000861778874829168,0.0193106656752074,0.924867915307878,-0.0751320846921225,0.000974423269417784,0.0782216786029787,500,0
A,quadratic,0.3,0,0,0,0.7,0.0432046484588019,1.42260832680642,0.422608326806418,0.00166905591736693,0.42424979194587,1.28665169136201,0.286651691362015,0.0014378918747247,0.288445646785248,1.04567487753528,0.0456748775352831,0.000868543877323247,0.0496248355444542,1.00092284491997,0.000922844919969412,0.000852530229985797,0.0190664294369211,1.0551645675938,0.0551645675938002,0.00120640350481718,0.0613952670538381,1.04669549436296,0.0466954943629609,0.00092454650249941,0.0510588633364276,0.977094536204841,-0.0229054637951589,0.00110296023831958,0.0336408144081116,0.999195161910201,-0.000804838089799032,0.000894215844560055,0.0199914764513594,0.926176017177641,-0.0738239828223591,0.000981895664672332,0.0770134784879299,500,0
A,quadratic,0.3,0,0,0.1,0.5,0.0432046484588019,1.44332396111695,0.44332396111695,0.00178436056769148,0.445112257610992,1.25043862766225,0.250438627662246,0.00132588836714059,0.25218393728873,1.03528761103127,0.0352876110312712,0.0009060010980418,0.0406794007961169,1.00022209139157,0.000222091391573587,0.000880488938717099,0.0196698868684238,1.05254826455349,0.052548264553492,0.00123632311538911,0.059363617103078,1.03568696326994,0.0356869632699364,0.000959514391765515,0.0416289876596148,0.972035779260114,-0.0279642207398858,0.00108806507886728,0.0370507296000826,0.997910527836141,-0.00208947216385891,0.00092033729210061,0.0206646857902038,0.90867030381011,-0.0913296961898898,0.000980150240585,0.0939175167830947,500,0
A,softpoly2,0,0,0,0,0.5,0,1.36539931382006,0.365399313820064,0.00137460101546069,0.366687241376183,1.28525070651155,0.285250706511554,0.0012855573931966,0.286692591137494,1.04682109762091,0.0468210976209136,0.000837412161166314,0.0504196736119351,1.00939382126615,0.00939382126615262,0.000807802536923265,0.020343642799941,1.02594630603409,0.0259463060340863,0.00107086071656793,0.0352907267038292,1.03504818606996,0.0350481860699647,0.000886864940532498,0.0402598252448391,0.976883689276251,-0.0231163107237491,0.00102766482845957,0.0325784472666161,0.997726650186999,-0.00227334981300109,0.000852983073348457,0.0191893356049224,0.924804658272573,-0.0751953417274272,0.000967949711614335,0.0782423530638455,500,0
A,softpoly2,0,0,0,0,0.7,0,1.42618518062663,0.42618518062663,0.00148753021681132,0.427478617608613,1.28873209724357,0.288732097243567,0.00138578669738728,0.290386821256106,1.05611000537877,0.0561100053787744,0.000798469385780212,0.058876751186357,1.01016516586829,0.0101651658682851,0.000797857337714391,0.0205178504349445,1.05742544182527,0.0574254418252671,0.00106405086057668,0.0621502315485649,1.04902986489712,0.0490298648971239,0.000830626611179951,0.0524233535255346,0.978946329644881,-0.021053670355119,0.00104909489564846,0.0315032773748981,0.999474644428125,-0.000525355571874719,0.000841106187520706,0.0187962322873767,0.930546369531134,-0.0694536304688658,0.000929222166238453,0.0724891043439355,500,0
A,softpoly2,0,0,0,0.1,0.5,0,1.42992039735796,0.429920397357958,0.00160013669614453,0.431403762559105,1.25084203956227,0.250842039562273,0.00130171840372927,0.252521820328981,1.04319270334477,0.0431927033447745,0.000813617305204903,0.0468607960749154,1.00998493579881,0.00998493579880555,0.000810372044376632,0.0206735015227112,1.04756109273393,0.0475610927339327,0.0011250577462867,0.053792836450155,1.03462613021566,0.034626130215659,0.000863388481765754,0.039635126961626,0.974527028564681,-0.0254729714353195,0.00105209652371713,0.0346586051978181,0.998539706936364,-0.00146029306363615,0.000861931942455371,0.0193093983818948,0.912971490205598,-0.0870285097944024,0.000919978028835209,0.0894220048099493,500,0
A,softpoly2,0,0,0,0.1,0.7,0,1.5094626077655,0.509462607765496,0.00171545976079763,0.51090175866255,1.24061550665608,0.24061550665608,0.00131021519619838,0.24238902060464,1.04627211407933,0.0462721140793283,0.000804643300155671,0.0496405732317082,1.00934635467874,0.00934635467873757,0.000785486674272394,0.019880443008018,1.08965251575234,0.0896525157523402,0.00121765888259723,0.09368797929699,1.04427330206447,0.0442733020644674,0.000866286452942374,0.0483177082729382,0.975101305731702,-0.0248986942682981,0.00106285222427568,0.0344041094455213,0.997932808795697,-0.00206719120430321,0.000851343479042615,0.0191295936551206,0.911546237196118,-0.0884537628038816,0.000973393331560109,0.0910871448040296,500,0
A,softpoly2,0.5,0,0,0,0.5,0.0900096842891707,1.36724766553634,0.367247665536336,0.00137960827074707,0.368538470194449,1.28725618287483,0.287256182874831,0.00130951734203496,0.288741783603784,1.04582783055535,0.0458278305553548,0.000813861089742889,0.049302257760022,1.00847410694904,0.00847410694904038,0.000808446315492892,0.0199486747844502,1.02660403993413,0.0266040399341321,0.00108768176736403,0.036029400532314,1.0353251969112,0.0353251969111967,0.000892884664143097,0.0405671518044135,0.977763094076579,-0.0222369059234208,0.00107370323065848,0.0327069787688006,0.998178285986854,-0.00182171401314601,0.00088690330667342,0.0198954965297282,0.925120267895622,-0.0748797321043783,0.000982595726928105,0.0780304810119069,500,0
A,softpoly2,0.5,0,0,0,0.7,0.0900096842891707,1.42553078817439,0.425530788174391,0.00158073510985554,0.426993342693532,1.28700263136842,0.287002631368421,0.0013464247388884,0.288574301249376,1.05386178793152,0.0538617879315175,0.000829899343562498,0.0569628820064616,1.00815205686126,0.00815205686126452,0.000791835511745811,0.0194764156461733,1.05752651537069,0.0575265153706852,0.0011461588632106,0.0629668671637083,1.04874501810493,0.0487450181049289,0.00089994649968147,0.0527277795615558,0.978292113753204,-0.0217078862467962,0.00104789630352864,0.03192456060959,0.999481032531985,-0.000518967468014608,0.000854284447807874,0.0190903243607408,0.929540589518404,-0.0704594104815963,0.000945834967722719,0.0735590634436807,500,0
A,softpoly2,0.5,0,0,0.1,0.5,0.0900096842891707,1.43804524859308,0.438045248593077,0.00162325790808031,0.43954349951604,1.25423202145076,0.25423202145076,0.00129705445133981,0.255877731554663,1.04386038698659,0.0438603869865917,0.000864674415548939,0.0479251166636151,1.01001217576185,0.0100121757618497,0.000848912534190541,0.0214440960720746,1.05183775305531,0.0518377530553122,0.00119619383001703,0.0583194787496421,1.03669062863307,0.0366906286330748,0.000906928009472545,0.0419122764623775,0.976854863689776,-0.023145136310224,0.00112025657666063,0.0340870907939793,1.00015293765044,0.000152937650435447,0.00089490297219448,0.0199912031507995,0.913983485247532,-0.0860165147524682,0.000925846012086948,0.0884679548671277,500,0
A,softpoly2,0.5,0,0,0.1,0.7,0.0900096842891707,1.5134302222817,0.513430222281701,0.00185145809416385,0.515093305909118,1.24002837361939,0.240028373619385,0.00128782895981158,0.241746175468821,1.04311168096682,0.0431116809668179,0.000831126997109007,0.046939453622311,1.00623694295113,0.00623694295112576,0.000819821539038851,0.0193463440462466,1.08976047865169,0.0897604786516915,0.00126389837552959,0.0940960447654961,1.04283972162241,0.042839721622409,0.000881050355739279,0.0471443566466899,0.973870744212413,-0.0261292557875875,0.00109763340270831,0.0358320073718588,0.99720247030222,-0.00279752969778024,0.000866951066371363,0.0195672339383905,0.909226387468797,-0.090773612531203,0.000959264431500478,0.0932685513369131,500,0
A,softpoly2,1,0,0,0,0.5,0.180019368578341,1.36676250137569,0.366762501375689,0.00141410900956261,0.368120340183104,1.28624362787022,0.286243627870216,0.00134534207166776,0.287816916104514,1.04407842548939,0.0440784254893916,0.00088092858195084,0.0482716183870637,1.00653681370413,0.00653681370413461,0.000869848067361738,0.0205010030946962,1.0259311190968,0.0259311190967964,0.00114608429188716,0.0364398686943761,1.0353092334581,0.0353092334581011,0.000943178332482089,0.0411174545109941,0.976651974402449,-0.0233480255975506,0.00112227087039627,0.0342580904410526,0.998107370799578,-0.00189262920042232,0.000934745880542821,0.0209662401499407,0.924554586705552,-0.0754454132944484,0.000994033306991371,0.0786452375713802,500,0
A,softpoly2,1,0,0,0,0.7,0.180019368578341,1.42469109251273,0.424691092512728,0.00162711488238426,0.426243625145353,1.28707585569205,0.287075855692053,0.00142541777531799,0.288836325663146,1.04744360632933,0.047443606329326,0.000849333348473242,0.0510965554886982,1.00184471315945,0.0018447131594459,0.000834605891954897,0.0187347243664982,1.05635740277242,0.0563574027724176,0.00120450535153452,0.062450961442145,1.04803881240237,0.0480388124023661,0.000906727168892987,0.052134273009943,0.977446799441775,-0.0225532005582246,0.00112308006048742,0.0337348478243114,0.99973535472724,-0.000264645272760156,0.000882636343527321,0.019718378423773,0.927829394971861,-0.0721706050281388,0.000962163373523752,0.0753030520659392,500,0
A,softpoly2,1,0,0,0.1,0.5,0.180019368578341,1.43774911963688,0.437749119636876,0.00151141782891375,0.43904919916313,1.25012245856742,0.250122458567417,0.00125870020219471,0.251697880509775,1.03682548325638,0.0368254832563837,0.000832908406483386,0.0412588255703911,1.00305907665476,0.00305907665476224,0.000833574321012345,0.0188702458425071,1.05059099410666,0.0505909941066569,0.00115026036894777,0.0567421804654117,1.03494861139086,0.034948611390855,0.000878154971350936,0.0400775792538605,0.973356120895339,-0.0266438791046613,0.00109418334822127,0.0361568479863309,0.998817216442121,-0.00118278355787849,0.000878390074370143,0.0196573642484955,0.911350662875639,-0.0886493371243607,0.00098566832263043,0.0913427854385056,500,0
A,softpoly2,1,0,0,0.1,0.7,0.180019368578341,1.50904164027805,0.509041640278048,0.00194627731218327,0.51089490233271,1.23585643719115,0.235856437191146,0.00126937469213589,0.237554843577035,1.03390555448826,0.0339055544882587,0.000843589736286137,0.0387904215380133,0.998269743730728,-0.00173025626927226,0.000830551605972341,0.0186336243355604,1.08734824262821,0.0873482426282055,0.00129361906728897,0.0920041693923237,1.03987910551358,0.0398791055135848,0.00091565561780308,0.0448187152488823,0.970933107455026,-0.0290668925449739,0.00110056886330167,0.0380696585463115,0.996761227809478,-0.00323877219052182,0.000897161573069463,0.0203010884070323,0.906652971009394,-0.0933470289906061,0.000977341605773469,0.0958661094023671,500,0
A,softpoly2,2,0,0,0,0.5,0.360038737156683,1.36859037529948,0.368590375299478,0.00167624379012771,0.370487451328837,1.28778127468397,0.28778127468397,0.00154359879416878,0.28983965908787,1.0364854682639,0.0364854682638991,0.000944015431221325,0.0421412007006634,0.998587555774779,-0.00141244422522135,0.000914903407777216,0.0204861434444109,1.02841180147865,0.0284118014786525,0.0012771580034485,0.0402637009424478,1.03763173225398,0.0376317322539788,0.00100069826093791,0.0437703596072476,0.978566830067334,-0.021433169932666,0.00122642239132967,0.0347840854768093,1.00065702055898,0.000657020558980204,0.000962526492056356,0.0215112492134271,0.925589435188331,-0.0744105648116686,0.00101224473250123,0.0777703492047663,500,0
A,softpoly2,2,0,0,0,0.7,0.360038737156683,1.43080095347012,0.430800953470119,0.00192331946435057,0.432938033942476,1.2919069791695,0.291906979169498,0.00163713714268857,0.294188907475831,1.02809766365829,0.0280976636582908,0.000957954993133967,0.0353185490885557,0.983734198781092,-0.0162658012189079,0.000930888767746856,0.0264005053806501,1.05940343680875,0.0594034368087471,0.00142069165795658,0.0673493306083848,1.04840432979288,0.0484043297928845,0.00101558458922965,0.0534570272235637,0.979929469843833,-0.0200705301561669,0.00127171286724637,0.034782693045434,1.0033889421424,0.00338894214240493,0.000959621541960682,0.0217025530119908,0.924416895138704,-0.0755831048612962,0.000984840224308419,0.0787196987031467,500,0
A,softpoly2,2,0,0,0.1,0.5,0.360038737156683,1.45462847167122,0.454628471671225,0.00199922323550828,0.456816699709267,1.24706873231228,0.24706873231228,0.00147904852494782,0.249268054855477,1.02117667215343,0.0211766721534252,0.000899379772391787,0.0291904872691844,0.985783872590193,-0.0142161274098072,0.000857320091219949,0.0238508312265579,1.06184727156811,0.0618472715681062,0.00135226324739811,0.0688299667997933,1.03703447746035,0.037034477460349,0.000958515587420348,0.0427786142166114,0.972621078804837,-0.0273789211951634,0.00118768750055166,0.0381247363754206,1.00005509834042,5.50983404179473e-05,0.000901379667768823,0.0201353719423101,0.907543978463882,-0.0924560215361179,0.000999860137876226,0.0951155946501346,500,0
A,softpoly2,2,0,0,0.1,0.7,0.360038737156683,1.51401010446572,0.514010104465724,0.00240590524835955,0.516812141057892,1.23106556974551,0.231065569745514,0.00156229983172369,0.233686215090143,1.00882541402366,0.00882541402365611,0.000943301744407444,0.0228452884641233,0.976839863484356,-0.023160136515644,0.000925030041984683,0.0310383074946393,1.09441090250042,0.0944109025004169,0.00156068589487243,0.100642202885806,1.03732359643714,0.0373235964371408,0.000960560742239401,0.0430519063901794,0.971435175440122,-0.0285648245598775,0.00127276801405119,0.0403025864246316,1.00165708384109,0.0016570838410872,0.000938824247245043,0.0210371105310779,0.903795984915558,-0.0962040150844419,0.000985011892465976,0.0986882287007368,500,0
B,none,0,0,0,0,0.5,0,1.36477380987225,0.364773809872246,0.00130653461830644,0.365939532833528,1.28453110380316,0.284531103803155,0.00125104716218023,0.285900233321765,1.04634773992807,0.0463477399280745,0.000789388257208657,0.0495888775122937,1.00869535044341,0.00869535044340686,0.000776446904269909,0.0194020913077346,1.02531415480267,0.025314154802665,0.00105778566381546,0.0346286410092783,1.03492244705899,0.0349224470589939,0.000847870419576877,0.0397278309065141,0.976277686593352,-0.0237223134066484,0.0010306021243352,0.0330568658823954,0.997480281104693,-0.00251971889530667,0.000829720442539105,0.0187050408628862,0.925437421707816,-0.0745625782921837,0.000932358558779962,0.0774167619457248,500,0
B,none,0,0,0,0,0.7,0,1.42303279784623,0.423032797846228,0.00143686172407089,0.424248711593852,1.28627660977127,0.286276609771272,0.00132300344435434,0.287798047284734,1.05496283572872,0.0549628357287244,0.000781699600345436,0.0576700042454278,1.00931603136659,0.00931603136658543,0.000789088231945149,0.019937299192282,1.05470113030823,0.0547011303082301,0.00106342222326077,0.0596365341266198,1.04764940809533,0.0476494080953251,0.000850540642858505,0.051297683817369,0.976007910685095,-0.0239920893149047,0.00104553136792033,0.0334827587648589,0.998072100255145,-0.00192789974485463,0.000850060355986608,0.0190865266412574,0.929848799229094,-0.0701512007709058,0.000939754914773716,0.0732248419610501,500,0
B,none,0,0,0,0.1,0.5,0,1.42876414573673,0.42876414573673,0.00146983223969881,0.430019459639868,1.24926209723526,0.249262097235263,0.00124716520836648,0.250814170703222,1.04162228083621,0.0416222808362114,0.000827204812023282,0.0455396958128252,1.00805179618363,0.00805179618363416,0.000814847448986939,0.0199036586580942,1.0456097123667,0.045609712366695,0.00111237982513443,0.0519394157743457,1.03263079872031,0.0326307987203052,0.000873851595938481,0.0380238571738253,0.972236825811598,-0.0277631741884015,0.00103689092149005,0.0361564667765905,0.996187843717212,-0.00381215628278797,0.000856591790910683,0.0195108568278261,0.912193479662661,-0.0878065203373387,0.000912215024741818,0.0901400077833504,500,0
B,none,0,0,0,0.1,0.7,0,1.50976022666935,0.509760226669355,0.0018491162797752,0.511431016825379,1.24183363816327,0.24183363816327,0.00123318057777458,0.24339752460049,1.04627414009364,0.0462741400936431,0.000845095987977764,0.0499767492802931,1.00966803429656,0.00966803429655494,0.000820036388955685,0.0207129975398514,1.08907788278257,0.0890778827825736,0.00125374609795465,0.0933768545241059,1.04371838848189,0.0437183884818917,0.000903441988153288,0.0481516873744505,0.975554782138753,-0.0244452178612468,0.00105061161891051,0.0338874206513997,0.997759547715969,-0.00224045228403147,0.00087484746655127,0.0196706205599335,0.911183304905406,-0.0888166950945942,0.00100103733854619,0.0915884333764629,500,0
B,none,0,0,0.5,0,0.5,0,1.36455218669259,0.36455218669259,0.00137438855951434,0.365842698211538,1.28439223122006,0.284392231220058,0.00134735599700445,0.285980436221558,1.04701411475044,0.0470141147504395,0.000817759870406964,0.0504383173528405,1.00940927819804,0.00940927819804349,0.000839395149716629,0.0209790857921577,1.02671009257522,0.0267100925752184,0.00107943459378744,0.0359840713019943,1.03578991527361,0.0357899152736088,0.000862380576618998,0.0406451038195011,0.97760322220688,-0.0223967777931202,0.00108130630034717,0.0329402199413495,0.998314713114433,-0.00168528688556702,0.000879148711431201,0.0197108730865841,0.928445711099702,-0.0715542889002978,0.000923044604528132,0.0744658976959224,500,0
B,none,0,0,0.5,0,0.7,0,1.42493858049715,0.424938580497152,0.0015763594712057,0.426395083082559,1.28671249122132,0.286712491221317,0.00134003734825596,0.288270891644647,1.05598491909237,0.0559849190923749,0.000814624337651674,0.0588681064644981,1.00981845477796,0.00981845477796428,0.000786428043689111,0.0201250619653548,1.05669207924818,0.0566920792481762,0.00110227483440574,0.0618084277825689,1.04899070588868,0.0489907058886829,0.000853625035632149,0.0525708896491107,0.977479495320476,-0.0225205046795239,0.00102690441007864,0.0321463051076248,0.999079586803007,-0.000920413196992764,0.00082390701675206,0.0184276890522817,0.931983184313358,-0.0680168156866424,0.000921865119334409,0.0710658499560455,500,0
B,none,0,0,0.5,0.1,0.5,0,1.4334209253979,0.433420925397903,0.00154333046529876,0.434789893128174,1.25337892163573,0.253378921635727,0.00124761666107939,0.254907032167519,1.04465409422259,0.0446540942225924,0.000827111024013616,0.0483255661241185,1.01121708194859,0.0112170819485879,0.000826000555453954,0.021593496922195,1.04956893693641,0.0495689369364099,0.00112824483004759,0.0556082257482992,1.03561782156671,0.035617821566706,0.00085878973745173,0.0404555509160456,0.97568259043116,-0.0243174095688399,0.00105775461633204,0.0339063412578858,0.999233345834618,-0.000766654165381686,0.000856541320409732,0.0191490368520286,0.916235725872811,-0.0837642741271889,0.000971831396635517,0.086531712658046,500,0
B,none,0,0,0.5,0.1,0.7,0,1.50771642045538,0.507716420455382,0.00171247227516406,0.509155488711784,1.23982177239853,0.239821772398526,0.00126163600888423,0.241472055319882,1.04658437767661,0.0465843776766146,0.000811903652946355,0.0499903873440647,1.00982234955856,0.00982234955856454,0.000814026664471478,0.0206672595347192,1.08759403668904,0.0875940366890426,0.00120412705100946,0.0916309244688317,1.04409966539002,0.0440996653900176,0.000857234372447741,0.0480777601536838,0.97412538367058,-0.0258746163294197,0.001105292884575,0.0357646512380597,0.99796907548586,-0.00203092451413978,0.000868138507918155,0.0194988005881999,0.915150574671149,-0.0848494253288505,0.000944929116237552,0.0874355625873031,500,0
B,none,0,0.1,0.5,0,0.5,0,1.36723377026261,0.367233770262607,0.0014800546043133,0.368719042463949,1.28603361448185,0.286033614481846,0.00138782329711284,0.287708757795187,1.04792476991763,0.0479247699176251,0.000846067273719881,0.0515168191725337,1.01019733915468,0.0101973391546826,0.00082093941932791,0.0209829108897846,1.02663132369551,0.0266313236955058,0.00112646311084172,0.0366390236316188,1.03633341349745,0.0363334134974482,0.000892422251847228,0.0414430845461217,0.976987249553249,-0.0230127504467508,0.00110391164986606,0.0337294904727113,0.998652325385419,-0.00134767461458052,0.000872122284378625,0.0195282940638134,0.927125432879625,-0.0728745671203745,0.000954231713891434,0.0759280650136448,500,0
B,none,0,0.1,0.5,0,0.7,0,1.42652915153373,0.426529151533734,0.00152219706626923,0.42788239269507,1.28838978590822,0.288389785908223,0.0013345536623111,0.289926549873424,1.05592344790406,0.0559234479040573,0.000797459465421439,0.0586921364696664,1.01013456453011,0.010134564530113,0.000780570096585207,0.0201679187419243,1.05697755683628,0.05697755683628,0.0010436839600323,0.0615629012558492,1.04868136982782,0.0486813698278197,0.000813755675895712,0.0519645332899195,0.978145861280057,-0.021854138719943,0.000989928996563328,0.0310902416988147,0.99914023991645,-0.000859760083550487,0.000801361710137267,0.017921699195329,0.930300337166352,-0.0696996628336477,0.000873580437813541,0.0723799091392638,500,0
B,none,0,0.1,0.5,0.1,0.5,0,1.43179873146199,0.431798731461988,0.00152730629265364,0.433144484073687,1.25105182321816,0.251051823218158,0.00122683631342492,0.252543217061537,1.04227696844333,0.0422769684433306,0.000829166719765046,0.0461564000750943,1.0089323140921,0.00893231409210449,0.00080124594846112,0.0200035440593102,1.04719914542527,0.0471991454252658,0.00114529263273406,0.0536870118460532,1.03359428821587,0.0335942882158666,0.000885639821501601,0.0389868027613445,0.973507779835835,-0.0264922201641646,0.00105430412475412,0.0354472109731623,0.997304234365868,-0.00269576563413232,0.00085554544646351,0.0193006269283002,0.914802501524751,-0.0851974984752489,0.000958551784215144,0.0878470584961616,500,0
B,none,0,0.1,0.5,0.1,0.7,0,1.50841181789296,0.508411817892964,0.00179488642637419,0.509990356377192,1.24027234373224,0.240272343732239,0.00126680161902193,0.241933022853887,1.04539244054662,0.0453924405466186,0.000797406187357955,0.0487623432165544,1.00858420051583,0.00858420051582942,0.000790676120408547,0.0196379146922665,1.08771368497206,0.0877136849720561,0.0012016466036696,0.0917290785785638,1.04329374280026,0.0432937428002629,0.000848304897139677,0.0472592757425712,0.973750083414464,-0.0262499165855358,0.00108748277272685,0.0357656943516471,0.997120667521497,-0.00287933247850281,0.000846076491176275,0.0191179869377876,0.911869119782138,-0.0881308802178615,0.000977655638547653,0.0907964840245451,500,0
B,none,0,0.3,0.5,0,0.5,0,1.36950153230028,0.369501532300276,0.00136124968011509,0.37075063009706,1.28817030150629,0.288170301506293,0.00132568015638228,0.289687899610708,1.04679618171449,0.0467961817144897,0.000832901703699262,0.050359224793677,1.00889845736664,0.00889845736664419,0.000830186921551155,0.0205693581703115,1.02906225322087,0.0290622532208669,0.00104071707841248,0.0372166291983328,1.03775781829349,0.0377578182934919,0.000870160460282893,0.042467461383718,0.979326286137415,-0.0206737138625852,0.00103735529811217,0.0310544577495441,1.00005288529008,5.2885290077187e-05,0.000865650505253518,0.019337239841288,0.925918511840291,-0.0740814881597088,0.000971897981267851,0.0771972483011366,500,0
B,none,0,0.3,0.5,0,0.7,0,1.42254442249222,0.422544422492216,0.00151105228241107,0.423890487272797,1.28601468041551,0.286014680415506,0.00137064714943945,0.287648840678541,1.05256913519131,0.0525691351913125,0.000816280844358315,0.0556417547241168,1.00736629335764,0.00736629335764283,0.000804374786623138,0.0194196976730073,1.05505808013372,0.0550580801337151,0.00110970794556332,0.0603811775184065,1.04750916043284,0.0475091604328399,0.00085398147843637,0.0511960274183847,0.977264562923063,-0.0227354370769375,0.00105499758920417,0.0327459468603286,0.998893939512482,-0.00110606048751793,0.000838062219701874,0.0187535373613559,0.927869089287663,-0.0721309107123367,0.00101761183172612,0.0756280349234695,500,0
B,none,0,0.3,0.5,0.1,0.5,0,1.432125181279,0.432125181279,0.0015572897376305,0.433523151408949,1.25013996505272,0.250139965052721,0.00124851689157319,0.251689969081845,1.04003915777903,0.0400391577790302,0.000790503269441147,0.0437602213172381,1.00675004547977,0.00675004547976976,0.000780142677903655,0.0186886540533131,1.04981452947192,0.0498145294719239,0.00111463234736186,0.0556906417284995,1.03432973165174,0.0343297316517384,0.000838873136354912,0.039111134432415,0.975123325737066,-0.0248766742629339,0.00105300504051631,0.0342366749326675,0.998365778826152,-0.00163422117384837,0.000831264474679004,0.0186408152088333,0.911809170845602,-0.0881908291543983,0.000919963800247711,0.0905535350520873,500,0
B,none,0,0.3,0.5,0.1,0.7,0,1.51070113141965,0.510701131419648,0.00169736563966525,0.512106717042993,1.23897148365853,0.238971483658531,0.00122339268516802,0.240529038046051,1.04260986191518,0.0426098619151831,0.000822029706468072,0.0463981790456334,1.00597693968741,0.00597693968740765,0.000814197050532811,0.0191446940361547,1.08788169864236,0.0878816986423592,0.0011844678801115,0.0917783856450708,1.04324605047557,0.0432460504755656,0.00087981692108099,0.0475024811060513,0.972452230264024,-0.0275477697359762,0.0010650398349033,0.0363991790091735,0.997390422917702,-0.00260957708229792,0.000873745680812188,0.0196916789127462,0.908821497128471,-0.0911785028715293,0.000991579245113584,0.0938304367258521,500,0
B,none,0,0.5,0.5,0,0.5,0,1.36772377129349,0.367723771293494,0.00145695762196685,0.369161227656564,1.28750566809294,0.287505668092943,0.00138068499423706,0.289155232394595,1.04254057648436,0.0425405764843576,0.000847424092059641,0.0465622842645336,1.00486510369158,0.00486510369158077,0.000830559997520438,0.0191805724304809,1.02845482769075,0.028454827690749,0.00113822144040849,0.0381596081552942,1.03749362785286,0.0374936278528597,0.00089538710250711,0.0424950519845951,0.979149652213613,-0.0208503477863866,0.00110302356112623,0.032277714138964,1.00021545874313,0.000215458743132446,0.000878816065370991,0.0196324461840677,0.922568777442272,-0.0774312225577278,0.000966389198053404,0.080384167345065,500,0
B,none,0,0.5,0.5,0,0.7,0,1.42483329445226,0.424833294452258,0.0015077290111344,0.426166256540679,1.28687288866512,0.286872888665121,0.00132332453432339,0.288391915585057,1.04977362395779,0.0497736239577906,0.000791769602247695,0.0528226873067836,1.00434808844832,0.0043480884483178,0.000776601337485788,0.0178845626787285,1.05612440631725,0.0561244063172517,0.00111098903925103,0.0613666278239777,1.0482759753249,0.0482759753248963,0.000838988781817174,0.0517862624583151,0.977401273396315,-0.0225987266036855,0.00107818807740294,0.033027030137522,0.999737932495014,-0.000262067504985808,0.000833109795326575,0.0186121082357868,0.925846403149148,-0.0741535968508517,0.000904121782554367,0.0768547759645787,500,0
B,none,0,0.5,0.5,0.1,0.5,0,1.43724220528179,0.437242205281786,0.0015483298084861,0.438608038403775,1.25098819721833,0.250988197218328,0.0012948450112529,0.252649382189798,1.03694748450626,0.0369474845062647,0.000778808714647916,0.0408384815502784,1.00389977156535,0.00389977156535259,0.000790779330130275,0.0180900210280037,1.05185135139198,0.0518513513919834,0.00116408542185666,0.0580065080917233,1.03486801001153,0.0348680100115275,0.000851065888310655,0.0397141080995247,0.975682507949876,-0.0243174920501237,0.00111709587391966,0.0348431357971763,0.999181094575762,-0.000818905424238348,0.000866549251040435,0.0193745580782824,0.9074696514969,-0.0925303485030996,0.000929023540317778,0.0948290286705442,500,0
B,none,0,0.5,0.5,0.1,0.7,0,1.5179374008711,0.517937400871097,0.00190279976380803,0.519678606491301,1.23982824062468,0.239828240624678,0.00139313465432193,0.241838905595232,1.03877785398384,0.0387778539838366,0.000864083422890904,0.0433162256006623,1.0021247013589,0.00212470135889742,0.000857588818911711,0.0192745476845339,1.09321949834266,0.0932194983426582,0.00123443010123996,0.0972124472020206,1.04329397807333,0.0432939780733317,0.000897578418595696,0.0477114912695147,0.974442323916276,-0.0255576760837237,0.00109430349559493,0.0353659069853398,0.997944827252917,-0.00205517274708311,0.000890185815589727,0.019991165483099,0.903848903855805,-0.0961510961441946,0.000959745623476475,0.0985122733925042,500,0
