task_id,plan_locator,objective,existing_files_or_outputs,tests_observed_in_records,status,current_validity,rework_needed
T01,"2026-07-10_referee_feedback_revision_plan.md:40-48","Matriz rastreável de comentário, validade, evidência, ação, arquivo e status","quality_reports/referee_feedback_response_matrix.csv; quality_reports/referee_feedback_response_matrix_note.md; quality_reports/adjudication/ivb-pa-refine/5375d3c27ac1/adjudication_round1.{md,json}","Matriz registra 35 linhas únicas para as seções 5, 8, 9, 10 e 12; adjudicação registra cinco comentários gerais e 12 detalhados; nenhum rerun desta tarefa","recorded_matrix","Válida como índice de cobertura e ponto de entrada; a matriz não substitui a verificação de bytes nem decide causalidade","Conferir a correspondência final entre cada ID, fonte e ação quando a revisão for implementada; manter a distinção entre comentário e solução"
T02,"2026-07-10_referee_feedback_revision_plan.md:50-59","Separar deslocamento de especificação Delta_Z, deslocamento amostral e viés causal","derivations/specification_shift_vs_ivb.Rmd; derivations/specification_shift_vs_ivb.pdf; derivations/ivb_derivation.Rmd/pdf; ivb_paper_pa.Rmd:826-830","Nota descreve verificações algébricas, substituição independente, forma matricial, unidades, reescala e componente nulo; registros são documentais, não execução nesta passagem","implemented_note; validation_record_only","Válida para a distinção conceitual e identidade FWL; a validade causal continua condicionada a DAG, timing e hipóteses","Reconciliar a nota formal com a derivação ADL+FE e manter busca de linguagem causal dependente das hipóteses; revisão independente específica da derivação ainda é requisito do plano"
T03,"2026-07-10_referee_feedback_revision_plan.md:61-69","Definir CET e ordem causal dentro do período","quality_reports/cet_timing_checklist.md; quality_reports/cet_application_timing_audit.csv; ivb_paper_pa.Rmd:631-638,648-650,734-736","Checklist aplicado a Leipziger e Rogowski e classifica timing como conhecido, plausível ou ambíguo; registros não foram reexecutados","implemented_documentary","Válida para explicitar o relógio causal e limitar as duas aplicações; não prova datas intra-anuais","Preservar fontes de datas, completar documentação de antecipação/agregação e usar o checklist na revisão causal"
T04,"2026-07-10_referee_feedback_revision_plan.md:71-82","Derivar identificação do CET no benchmark ADL+FE e separar erro finito de identificação","derivations/adl_cet_identification_conditions.Rmd; derivations/adl_cet_identification_conditions.pdf; derivations/ivb_derivacoes_proposicoes_1_2.Rmd/pdf","Derivação existente inclui efeitos fixos e quadro de identificação; contrato/adjudicação apontam necessidade de reconciliar o shorthand de exchangeability com FE; não houve revisão causal nova nesta passagem","partial_formal_derivation","Válida como rascunho técnico e localização das hipóteses; não sustenta sozinha uma afirmação geral sobre ADL+FE","Revisão causal independente e checagem contra referências do plano; harmonizar proposição, prova, timing, suporte, T finito e feedback"
T05,"2026-07-10_referee_feedback_revision_plan.md:84-94","Substituir DAGs genéricos por três DAGs dinâmicos","derivations/dynamic_dags.md; derivations/dynamic_dags.pdf; ivb_paper_pa.Rmd (blocos TikZ e Figuras); quality_reports/argument_contracts/ivb-pa-refine/5375d3c27ac1/section_reads/section_06_applications.md","Nota contém três mecanismos e d-separation textual; não foram localizados três arquivos TikZ autônomos nem revisão independente específica","partial_note_embedded_dags","Válida para compreender os mecanismos já desenhados; entregáveis reproduzíveis e conferência gráfica ainda incompletos","Extrair/organizar três fontes TikZ, conferir todos os caminhos e obter revisão independente antes de substituir a figura"
T06,"2026-07-10_referee_feedback_revision_plan.md:96-105","Neutralizar rótulos safe/bad/dominates e tornar a regra condicional","ivb_paper_pa.Rmd:631-642,826-832; quality_reports/adjudication/ivb-pa-refine/5375d3c27ac1/adjudication_round1.md","Adjudicação registra neutralização parcial e o manuscrito usa specification shift e baseline condicional em trechos atuais; não há tabela de scope conditions dedicada nem busca registrada nesta passagem","partial_text_integration","Válida para o enquadramento atual do PA, com limites explícitos; não comprova que todas as ocorrências históricas foram tratadas","Fazer busca textual completa, justificar/substituir ocorrências residuais e materializar a tabela de condições de escopo"
T07,"2026-07-10_referee_feedback_revision_plan.md:107-117","Generalizar FWL para vetor de controles correlacionados","derivations/multivariate_specification_shift.Rmd; derivations/multivariate_specification_shift.pdf; derivations/scripts/test_multivariate_specification_shift.R","Rmd e script registram identidades conjunta, condicional e telescópica, correlação, dependência da ordem e leave-one-out com tolerância 1e-12; nenhum script foi executado agora","implemented_with_recorded_tests","Válida para a identidade descritiva e o exemplo determinístico documentado; não autoriza inferência causal nem nova simulação","Anexar a evidência de execução/revisão independente ao pacote de implementação e integrar proposição sem misturar papéis causais"
T08,"2026-07-10_referee_feedback_revision_plan.md:119-128","Definir alocação one-at-a-time, leave-one-out e Shapley","derivations/shift_allocation_correlated_controls.Rmd; derivations/shift_allocation_correlated_controls.pdf; derivations/scripts/shift_allocation_correlated_controls.R","Rmd/script registram soma Shapley, telescoping, invariância de nomes, dependência da ordem, one-at-a-time e LOO; não foi executado agora e não há CSV de resultado independente localizado","implemented_example_with_recorded_tests","Válida como algoritmo/exemplo mínimo; a decisão de dar destaque à Shapley segue aberta","Decidir se Shapley permanece no apêndice, persistir outputs de teste e revisar a conexão com o diagnóstico principal"
T09,"2026-07-10_referee_feedback_revision_plan.md:130-141","Construir inferência conjunta para Delta_Z","derivations/specification_shift_uncertainty.Rmd; derivations/specification_shift_uncertainty.pdf; derivations/scripts/specification_shift_uncertainty.R; derivations/scripts/test_specification_shift_uncertainty.R","Documentos descrevem painel fixo e igualdade da diferença direta; explicitamente registram ausência de bootstrap, IC, coverage e inferência aplicada; nenhum teste foi executado agora","machinery_only","Válida para a formulação preliminar e para localizar a lacuna; não sustenta CI(Delta) nem a métrica principal proposta","Implementar e validar bootstrap por unidade e delta method; preservar covariância conjunta e testar em DGPs simples antes de aplicar"
T10,"2026-07-10_referee_feedback_revision_plan.md:143-152","Inventariar DGPs e simulações existentes","quality_reports/simulation_design_inventory.csv; quality_reports/simulation_design_inventory.Rmd/pdf; quality_reports/simulation_design_inventory_manifest.csv; quality_reports/simulation_design_inventory_validation.csv; quality_reports/build_simulation_design_inventory.R; quality_reports/task12_boundary_conditions.csv","Manifesto/validation registram checagens estáticas de paths, hashes e parâmetros; `dual_role_varyT` é explicitamente output declarado ausente; esses PASS são históricos e não foram refeitos","implemented_inventory_with_missing_declared_output","Válida como mapa de proveniência e limites dos DGPs; não converte output ausente em evidência numérica","Atualizar o inventário após decisões dos gates, apontar cada número do manuscrito ao CSV correto e preservar a ausência de `dual_role_varyT`"
T11,"2026-07-10_referee_feedback_revision_plan.md:154-163","Refazer Figura 2 e tabela firewall a partir dos resultados brutos","quality_reports/task11_dual_role_firewall/build_task11_figure_firewall.R; quality_reports/task11_dual_role_firewall/figure_2_plot_data.csv; quality_reports/task11_dual_role_firewall/figure_2_dual_role_bias_rmse.{pdf,png}; quality_reports/task11_dual_role_firewall/table_firewall_mc.{csv,tex}; quality_reports/task11_dual_role_firewall/validation.csv; quality_reports/task11_dual_role_firewall/source_manifest.csv; quality_reports/task11_dual_role_firewall/task11_dual_role_firewall_appendix.{Rmd,pdf}","validation.csv registra 500 repetições, médias reproduzidas, diferenças de bias/MCSE próximas de zero e grade de 12 cenários; registros históricos, sem rerun agora","implemented_with_recorded_validation","Válida como pacote de resultado firewall e evidência MC; não é validação da nova integração no PA","Conferir integração na arquitetura atual, captions e distinção MC interval versus CI do estimador; revalidar após qualquer mudança de bytes"
T12,"2026-07-10_referee_feedback_revision_plan.md:165-174","Integrar robustez já existente sem novas simulações","quality_reports/task12_boundary_conditions.csv; quality_reports/task12_boundary_conditions_compact.csv; quality_reports/task12_reconciliation.csv; quality_reports/task12_static_validation.csv; quality_reports/task12_boundary_conditions_audit.Rmd/pdf; quality_reports/task12_simulation_hashes_before.sha256; quality_reports/task12_simulation_hashes_after.sha256","Auditoria registra checks estáticos, reconciliação de claims e hashes before/after; inclui limite de T, tratamentos binário/escalonado, não linearidade, feedback, carryover, erro de medida e confounding; nenhum rerun integral nesta passagem","implemented_documentary_audit","Válida para delimitar evidência já produzida e lacunas, incluindo output declarado ausente; não substitui integração editorial","Conferir cada número contra seu CSV/script, manter a tabela compacta e resolver discrepâncias antes de inserir no PA"
T13,"2026-07-10_referee_feedback_revision_plan.md:176-189","Simular viés finite-T e escolha do estimador no painel dinâmico","simulations/finite_T_dynamic_panel/{R,README.md,run_finite_T_dynamic_panel.R,results,tests}; quality_reports/task13_finite_T_dynamic_panel/{task13_protocol_and_code_review.md,independent_review_terra_high.md,reproducibility_audit_ivb_paper_pa_task13.md,task13_main_text_summary.csv,task13_estimator_summary.csv}","Registros documentam preflight, smoke, invariantes e rerun determinístico; auditoria reproduz 54 células por estimador, 108 exibidas, 500 repetições/célula, 0/54 FE-ADL phase cells, 6/54 HPJ e cobertura mínima 0.700; PASS Terra/high é pré-execução do pacote e a auditoria é posterior aos outputs existentes; nada foi executado agora","completed_outputs_recorded_audit","Válida para os resultados numéricos existentes, inclusive 0.700, dentro da grade principal; cobertura é do CET simulado, não de CI de Delta_Z","Antes de uso editorial, conferir integração, truth/denominadores e escopo; qualquer alteração de bytes exige nova revisão independente"
T14,"2026-07-10_referee_feedback_revision_plan.md:191-202","Simular misspecification de lag e persistência de D","simulations/lag_misspecification_persistence/{R,README.md,run_lag_misspecification_persistence.R,smoke_test.R,task14_protocol.md,lag_misspecification_persistence_report.Rmd,results}; results/checkpoints/L1_RD20_CO00.csv; results/checkpoints/L1_RD20_CO25.csv; results/run_log.txt; quality_reports/task14_lag_misspecification_persistence/independent_review_terra_high.md; quality_reports/task14_lag_misspecification_persistence/independent_review_terra_high_external.md; quality_reports/task14_lag_misspecification_persistence/independent_review_terra_high_external_rereview.md","Há PASS Terra/high pré-execução e REPAIR externo/rereview históricos; bytes atuais de metrics.R:131-179 ainda constroem validation sem abortar quando `passed` é falso e metrics.R:7-112 salvam `n_success` sem `n_acf_finite`/pares efetivos; árvore de results contém só dois checkpoints e log inicial de full, sem CSVs finais/manifests/PDF","preparation_incomplete_execution; historical_review_conflict","Válida para desenho, preflight e smoke registrados; não há execução integral verificável nem base para claims numéricos do paper","Reconciliar a revisão independente com os bytes atuais; reparar/validar bloqueio de output e denominadores, repetir as revisões exigidas e deixar o full para a etapa prevista pelo plano"
T15,"2026-07-10_referee_feedback_revision_plan.md:204-215","Simular múltiplos controles correlacionados com papéis causais diferentes","nenhum diretório/CSV/PDF dedicado localizado em simulations; apenas derivations/shift_allocation_correlated_controls.* e script de exemplo","Somente identidades/exemplo determinístico da Task08 estão registrados; não há teste de grade pré-especificada nem execução desta tarefa","not_located; sequence_pending","Válida apenas como requisito pendente; não sustenta resultados de múltiplos controles em DGP","Especificar o DGP e a grade após T07-T08; separar identidade exata de evidência Monte Carlo e seguir a sequência registrada no plano"
T16,"2026-07-10_referee_feedback_revision_plan.md:217-228","Calibrar intervalos bootstrap/delta para Delta_Z","derivations/specification_shift_uncertainty.* e scripts de teste; nenhum diretório de simulação/CSV/PDF de calibração dedicado localizado","Os documentos de incerteza explicitam que não produzem bootstrap, coverage ou aplicação; nenhuma validação desta tarefa foi executada agora","not_located; sequence_pending","Não válida para cobertura, comprimento ou viés de SE; apenas localiza o método preliminar","Implementar depois de T09, confrontar coverage com truth sem filtrar cenários e seguir a sequência do plano"
T17,"2026-07-10_referee_feedback_revision_plan.md:230-240","Decidir go/no-go para heterogeneidade dinâmica","simulations/diagnostics/diag_heterogeneous.R; simulations/diagnostics/results/diag_heterogeneous_results.csv; nenhum memo go/no-go dedicado localizado","Há artefato diagnóstico existente, mas não há claim pré-especificada e decisão registrada para esta revisão; nada foi executado agora","gate_pending","Válida como pista de diagnóstico e limite de escopo; não autoriza simulação adicional","Produzir memo go/no-go ligado a claim mantida; o caminho no-go deve permanecer explícito se a claim não for central"
T18,"2026-07-10_referee_feedback_revision_plan.md:242-252","Decidir go/no-go para fatores comuns e dependência transversal","nenhum DGP/relatório dedicado a common shocks, loadings heterogêneos ou CCE/IFE localizado","Nenhum gate memo ou bateria desta tarefa foi encontrado; nada foi executado agora","not_started_gate_pending","Válida como fronteira conceitual; não sustenta identificação ou inferência sob fatores","Separar identificação de inferência e registrar no-go/scope antes de abrir qualquer comparação geral nesta revisão"
T19,"2026-07-10_referee_feedback_revision_plan.md:254-263","Formalizar seleção e codificação das aplicações","ivb_paper_pa.Rmd:141-175,644-646; replication/compute_standardized_ivb.R:36-350; replication/standardized_ivb_metrics.csv; quality_reports/cet_application_timing_audit.csv","A lista de seleção e os rótulos dos scripts são observáveis; não foi localizado protocolo completo com frame, log de exclusões, dois codificadores, codebook e fluxograma","partial_selection_material","Válida para reconstruir a seleção purposiva atual e seus denominadores; não sustenta representatividade","Persistir protocolo, coding sheet, codebook, fluxograma, referências de setas e adjudicação independente sem olhar magnitudes"
T20,"2026-07-10_referee_feedback_revision_plan.md:265-274","Auditar reprodução dos seis estudos e 14 controles","replication/{claassen_replication_ivb.R,leipziger_replication_ivb.R,peacekeeping_replication_ivb.R,fiscal_state_replication_ivb.R,compute_standardized_ivb.R,standardized_ivb_metrics.csv}; candidate_papers/*; relatórios individuais","Scripts e CSV registram reconstrução/extração, mas não há seis fichas PASS/FAIL completas com N, períodos, clustering, missing e comparação sistemática; nenhum rerun foi feito nesta passagem","partial_replication_audit","Válida para observar o universo e point shifts publicados no CSV; não fecha auditoria de amostra comum, timing ou todos os 14","Criar ficha por estudo, conferir amostras/lags/faixas, registrar discrepâncias e conservar separação entre candidatos selecionados e extras"
T21,"2026-07-10_referee_feedback_revision_plan.md:276-285","Construir DAGs concorrentes para Leipziger","ivb_paper_pa.Rmd:648-696; quality_reports/cet_timing_checklist.md; sem par de DAGs time-indexed dedicado localizado","Timing e papéis possíveis são descritos; não há dois DAGs, justificativas bibliográficas por seta ou tabela de implicações registrada","not_started","Válida apenas como diagnóstico da lacuna e do caso aplicado; não decide GDP como confounder ou treatment-responsive","Construir dois DAGs com relógio e fontes, validar contra dados e manter Delta descritivo até hipóteses serem defendidas"
T22,"2026-07-10_referee_feedback_revision_plan.md:287-296","Construir DAGs concorrentes para Rogowski","ivb_paper_pa.Rmd:734-822; replication/candidate_papers/post_office_2022/main_analyses.do; quality_reports/cet_timing_checklist.md; sem par de DAGs dedicado localizado","O texto registra estoque acumulado, janela de cinco anos e papéis concorrentes; não há dois DAGs time-indexed nem validação bibliográfica dedicada","not_started","Válida para localizar a ambiguidade do grande shift; não decide admissibilidade de GDP","Construir/validar dois DAGs com alinhamento da janela quinquenal, tratamento acumulado, GDP e crescimento futuro"
T23,"2026-07-10_referee_feedback_revision_plan.md:298-308","Refazer tabelas empíricas com Delta, incerteza e diagnósticos conjuntos","replication/standardized_ivb_metrics.csv; ivb_paper_pa.Rmd:698-822; tabelas geradas inline; nenhum script/tabela dedicado com CI(Delta) localizado","CSV tem beta_long, IVB e endpoint-SE scale; PA declara ausência de paired CI; não há coding causal, Delta CI, deslocamento conjunto completo ou auditoria de amostras; nenhum rerun agora","partial_existing_tables","Válida para point shifts e scale comparisons, com denominador explícito 14/11; não sustenta inferência de Delta","Implementar scripts/tabelas com CI pareado, papéis e ambiguidade; conferir modelos aninhados, clustering, sinais e denominadores"
T24,"2026-07-10_referee_feedback_revision_plan.md:310-321","Reestruturar e reescrever o manuscrito","ivb_paper_pa.Rmd; ivb_paper_pa.pdf; quality_reports/plans/2026-09-15_refine_contribution/evidence/manuscript_pdf_text.txt; baseline_manifest.json","Texto atual já contém CET, timing, shift descritivo, baseline condicional e aplicações; não há changelog argumental da nova versão nem gate A-D concluído; nenhum render foi feito agora","partial_current_manuscript","Válida como fonte ativa congelada no hash base e para localizar claims; ainda não é a versão final das Tasks 10-23","Esperar gates anteriores, então produzir Rmd/changelog com cada claim ligado a hipótese, derivação, simulação ou aplicação"
T25,"2026-07-10_referee_feedback_revision_plan.md:323-333","Construir pipeline reproduzível integral","scripts R e runners distribuídos em replication/, derivations/ e simulations/; manifests locais de Task11/13/14 e inventory de simulações; quality_reports/pipeline_report_*.md","Há manifests/logs e smoke/preflight em pacotes individuais; não foi localizado script mestre full/smoke com outputs do PA, session info global ou relatório integral atual; não foi executado agora","partial_distributed_pipeline","Válida para rastrear componentes existentes, não para reconstrução end-to-end","Unificar comandos, seeds, manifests, outputs brutos/derivados e validações; garantir que Rmd só leia outputs e tornar o boundary executado/não executado explícito"
T26,"2026-07-10_referee_feedback_revision_plan.md:335-345","Executar QA visual, auditoria numérica e gate editorial final","ivb_paper_pa.pdf; quality_reports/stage1_code_review*; stage2_devils_advocate*; stage3_proofread*; quality_reports/referee_report_cold_read.*; no final checklist/current QA package","Há revisões históricas e PDF/base hash; não há checklist PASS/FAIL final para o pacote desta revisão, inspeção de todas as páginas após mudanças ou ambiente limpo atual; nada foi executado agora","not_started_blocked_by_prior_tasks","Válida como histórico de revisão, não como liberação editorial atual","Depois de T25, executar auditoria numérica, inspeção visual, proofread, bibliografia e cold read; registrar riscos residuais e não confundir revisão histórica com gate final"
